Date,VOO,VXUS,BND,SHY
2012-01-03,90.8387680053711,27.55079460144043,55.345882415771484,67.95550537109375
2012-01-04,90.99454498291016,27.42641258239746,55.37242889404297,67.96354675292969
2012-01-05,91.29059600830078,27.125307083129883,55.35245895385742,67.97163391113281
2012-01-06,91.1036148071289,26.771848678588867,55.38570022583008,67.96354675292969
2012-01-09,91.24386596679688,26.935504913330078,55.43224334716797,67.97964477539062
2012-01-10,92.02293395996094,27.354413986206055,55.405662536621094,67.98776245117188
2012-01-11,92.11639404296875,27.295507431030273,55.53857421875,68.01183319091797
2012-01-12,92.31896209716797,27.406782150268555,55.45878982543945,68.0038070678711
2012-01-13,91.9294204711914,27.14495277404785,55.624996185302734,68.01990509033203
2012-01-17,92.1787109375,27.45260238647461,55.57844543457031,68.02793884277344
2012-01-18,93.20708465576172,28.008975982666016,55.56516647338867,68.01990509033203
2012-01-19,93.7056655883789,28.310073852539062,55.51194763183594,68.01990509033203
2012-01-20,93.7056655883789,28.447534561157227,55.405662536621094,68.0038070678711
2012-01-23,93.79918670654297,28.617725372314453,55.33918762207031,68.01183319091797
2012-01-24,93.65892028808594,28.45409393310547,55.35245895385742,68.01183319091797
2012-01-25,94.48477935791016,28.814098358154297,55.51194763183594,68.05209350585938
2012-01-26,94.00175476074219,28.787925720214844,55.65816879272461,68.06008911132812
2012-01-27,93.87708282470703,28.859922409057617,55.75788497924805,68.07625579833984
2012-01-30,93.56546783447266,28.558815002441406,55.8243293762207,68.05209350585938
2012-01-31,93.51870727539062,28.735557556152344,55.870819091796875,68.05209350585938
2012-02-01,94.4068603515625,29.1610164642334,55.81357955932617,68.02874755859375
2012-02-02,94.59381866455078,29.25920867919922,55.90021514892578,68.03679656982422
2012-02-03,95.93379974365234,29.684675216674805,55.82686996459961,68.03679656982422
2012-02-06,95.79354095458984,29.521032333374023,55.853515625,68.02068328857422
2012-02-07,96.08963775634766,29.651939392089844,55.78023910522461,68.00457763671875
2012-02-08,96.29219055175781,29.782867431640625,55.713623046875,68.00457763671875
2012-02-09,96.40125274658203,29.776315689086914,55.72031784057617,67.97235107421875
2012-02-10,95.74681854248047,29.252668380737305,55.76028823852539,67.98848724365234
2012-02-13,96.47917938232422,29.579931259155273,55.75362777709961,67.94821166992188
2012-02-14,96.33891296386719,29.377023696899414,55.82686996459961,67.96428680419922
2012-02-15,95.91822052001953,29.494853973388672,55.75362777709961,67.97235107421875
2012-02-16,96.96216583251953,29.782867431640625,55.76028823852539,67.94821166992188
2012-02-17,97.19588470458984,29.966136932373047,55.633705139160156,67.93211364746094
2012-02-21,97.25820922851562,29.966136932373047,55.60037612915039,67.9159927368164
2012-02-22,96.93097686767578,29.900693893432617,55.78691864013672,67.94821166992188
2012-02-23,97.3984375,30.083967208862305,55.81357955932617,67.94019317626953
2012-02-24,97.53868103027344,30.28033447265625,55.853515625,67.924072265625
2012-02-27,97.7100601196289,30.005422592163086,55.95345687866211,67.94019317626953
2012-02-28,98.05284881591797,30.371973037719727,55.94680404663086,67.9562759399414
2012-02-29,97.52308654785156,30.044687271118164,55.893489837646484,67.9562759399414
2012-03-01,98.16191101074219,30.450517654418945,55.80339050292969,67.94419860839844
2012-03-02,97.89705657958984,30.123231887817383,55.9168701171875,67.96029663085938
2012-03-05,97.47634887695312,29.887592315673828,55.80339050292969,67.96029663085938
2012-03-06,95.94940185546875,29.00391960144043,55.89686965942383,67.96029663085938
2012-03-07,96.71287536621094,29.3508358001709,55.91020965576172,67.94419860839844
2012-03-08,97.64773559570312,29.998872756958008,55.82341766357422,67.9200668334961
2012-03-09,98.02168273925781,29.920316696166992,55.769927978515625,67.9200668334961
2012-03-12,98.06844329833984,29.776315689086914,55.810028076171875,67.92805480957031
2012-03-13,99.82913970947266,30.286888122558594,55.64311218261719,67.8878173828125
2012-03-14,99.75120544433594,29.966136932373047,55.3159065246582,67.79120635986328
2012-03-15,100.26539611816406,30.221410751342773,55.32923126220703,67.8314437866211
2012-03-16,100.4056167602539,30.358871459960938,55.32257843017578,67.8717041015625
2012-03-19,100.82632446289062,30.424345016479492,55.17567443847656,67.82341766357422
2012-03-20,100.54584503173828,30.044687271118164,55.18902587890625,67.80726623535156
2012-03-21,100.39007568359375,29.972681045532227,55.34932327270508,67.84757995605469
2012-03-22,99.61100769042969,29.62575340270996,55.42948913574219,67.8556137084961
2012-03-23,100.00051879882812,29.82212257385254,55.52959060668945,67.86367797851562
2012-03-26,101.35431671142578,30.27378273010254,55.52291488647461,67.87981414794922
2012-03-27,101.07258605957031,30.097055435180664,55.61635208129883,67.90394592285156
2012-03-28,100.58740997314453,29.848312377929688,55.60303497314453,67.8878173828125
2012-03-29,100.41527557373047,29.67158317565918,55.72321701049805,67.9119644165039
2012-03-30,100.7439193725586,29.88105583190918,55.60972595214844,67.90394592285156
2012-04-02,101.55777740478516,30.28033447265625,55.6070671081543,67.9200668334961
2012-04-03,101.16650390625,29.828683853149414,55.39936065673828,67.87171173095703
2012-04-04,100.10224151611328,29.180648803710938,55.55344772338867,67.88783264160156
2012-04-05,100.07096862792969,29.147918701171875,55.660640716552734,67.91194915771484
2012-04-09,98.959716796875,28.899200439453125,55.854942321777344,67.96031188964844
2012-04-10,97.23812866210938,28.36899757385254,56.015724182128906,67.9925765991211
2012-04-11,98.03632354736328,28.72900390625,55.93532943725586,67.9844970703125
2012-04-12,99.38233947753906,29.285402297973633,55.94198989868164,67.9925765991211
2012-04-13,98.19288635253906,28.761735916137695,56.08274459838867,68.0006103515625
2012-04-16,98.08330535888672,28.879554748535156,56.08274459838867,68.0006103515625
2012-04-17,99.58577728271484,29.298477172851562,56.075984954833984,68.0006103515625
2012-04-18,99.24150085449219,29.108654022216797,56.11619567871094,68.01667785644531
2012-04-19,98.59977722167969,29.030105590820312,56.102806091308594,68.02474212646484
2012-04-20,98.75627899169922,29.174116134643555,56.09612274169922,68.02474212646484
2012-04-23,97.91112518310547,28.70281982421875,56.16313934326172,68.04084014892578
2012-04-24,98.27111053466797,28.859922409057617,56.09612274169922,68.01667785644531
2012-04-25,99.64838409423828,29.246118545532227,56.08274459838867,68.03284454345703
2012-04-26,100.33699798583984,29.318113327026367,56.156429290771484,68.04084014892578
2012-04-27,100.54048156738281,29.409761428833008,56.189903259277344,68.02474212646484
2012-04-30,100.10224151611328,29.25920867919922,56.22340774536133,68.04084014892578
2012-05-01,100.75959014892578,29.4228458404541,56.14284896850586,68.039306640625
2012-05-02,100.44656372070312,29.18720054626465,56.23015594482422,68.04733276367188
2012-05-03,99.7109603881836,28.912290573120117,56.30400466918945,68.039306640625
2012-05-04,98.08330535888672,28.526090621948242,56.364410400390625,68.06348419189453
2012-05-07,98.16153717041016,28.67010498046875,56.344276428222656,68.06348419189453
2012-05-08,97.7389907836914,28.27735137939453,56.39797592163086,68.07148742675781
2012-05-09,97.19120025634766,27.91077995300293,56.364410400390625,68.06348419189453
2012-05-10,97.36336517333984,28.04170799255371,56.33086013793945,68.05538177490234
2012-05-11,97.05035400390625,27.871517181396484,56.371150970458984,68.06348419189453
2012-05-14,96.01738739013672,27.295507431030273,56.471858978271484,68.05538177490234
2012-05-15,95.48526000976562,26.974760055541992,56.485260009765625,68.04733276367188
2012-05-16,95.07836151123047,26.699844360351562,56.45167922973633,68.039306640625
2012-05-17,93.63850402832031,26.366008758544922,56.498695373535156,68.00704193115234
2012-05-18,92.90288543701172,26.156557083129883,56.46515655517578,68.01507568359375
2012-05-21,94.46797180175781,26.66057014465332,56.471858978271484,68.02313995361328
2012-05-22,94.67144012451172,26.58202362060547,56.377838134765625,67.9990005493164
2012-05-23,94.67144012451172,26.372556686401367,56.418128967285156,68.03125
2012-05-24,94.8436050415039,26.254741668701172,56.357696533203125,68.00704193115234
2012-05-25,94.6244888305664,26.1303653717041,56.42485809326172,68.039306640625
2012-05-29,95.70439147949219,26.536211013793945,56.42485809326172,68.02313995361328
2012-05-30,94.32714080810547,25.999446868896484,56.63975524902344,68.05538177490234
2012-05-31,94.09236145019531,26.091089248657227,56.747169494628906,68.07959747314453
2012-06-01,91.79171752929688,25.462711334228516,56.94633865356445,68.0860595703125
2012-06-04,91.76039123535156,25.645992279052734,56.80501174926758,68.07794952392578
2012-06-05,92.29251861572266,25.81617546081543,56.69060516357422,68.09403991699219
2012-06-06,94.49925994873047,26.555837631225586,56.582984924316406,68.06990051269531
2012-06-07,94.48361206054688,26.555837631225586,56.60314178466797,68.06183624267578
2012-06-08,95.2661361694336,26.379100799560547,56.63679122924805,68.06183624267578
2012-06-11,94.10801696777344,26.156557083129883,56.68390655517578,68.06183624267578
2012-06-12,95.20355224609375,26.614749908447266,56.59642028808594,68.02957153320312
2012-06-13,94.5775375366211,26.405288696289062,56.71752166748047,68.02153778076172
2012-06-14,95.6261215209961,26.568925857543945,56.68390655517578,68.02957153320312
2012-06-15,96.47126770019531,26.94857406616211,56.811763763427734,68.05380249023438
2012-06-18,96.67475891113281,26.935504913330078,56.81851577758789,68.03767395019531
2012-06-19,97.66073608398438,27.419870376586914,56.74446487426758,68.02957153320312
2012-06-20,97.50419616699219,27.43951416015625,56.63679122924805,68.00542449951172
2012-06-21,95.36006927490234,26.680204391479492,56.73100662231445,68.01348876953125
2012-06-22,96.04872131347656,26.968225479125977,56.616615295410156,68.02153778076172
2012-06-25,94.52263641357422,26.254741668701172,56.76469039916992,68.02153778076172
2012-06-26,94.97886657714844,26.490386962890625,56.704071044921875,68.00542449951172
2012-06-27,95.82845306396484,26.673660278320312,56.76469039916992,68.00542449951172
2012-06-28,95.60816955566406,26.640933990478516,56.825233459472656,68.01348876953125
2012-06-29,97.9838638305664,27.648977279663086,56.78482437133789,68.01348876953125
2012-07-02,98.25131225585938,27.799522399902344,56.90422821044922,68.03445434570312
2012-07-03,98.89634704589844,28.0351619720459,56.823280334472656,68.018310546875
2012-07-05,98.47154998779297,27.701332092285156,56.98513412475586,68.0424575805664
2012-07-06,97.55905151367188,27.40023422241211,57.039146423339844,68.06670379638672
2012-07-09,97.43321228027344,27.295507431030273,57.14700698852539,68.06670379638672
2012-07-10,96.53642272949219,27.118762969970703,57.20100784301758,68.06670379638672
2012-07-11,96.55216217041016,27.21695899963379,57.12007141113281,68.07475280761719
2012-07-12,96.04873657226562,26.870018005371094,57.22795486450195,68.09086608886719
2012-07-13,97.68490600585938,27.308591842651367,57.23470687866211,68.1070327758789
2012-07-16,97.46464538574219,27.269325256347656,57.26848602294922,68.13116455078125
2012-07-17,98.15689849853516,27.459142684936523,57.248233795166016,68.12313842773438
2012-07-18,98.86488342285156,27.54424285888672,57.34263229370117,68.1392822265625
2012-07-19,99.1166000366211,27.806060791015625,57.32916259765625,68.15540313720703
2012-07-20,98.20406341552734,27.295507431030273,57.43706512451172,68.1634750366211
2012-07-23,97.22869110107422,26.75220489501953,57.46402359008789,68.17155456542969
2012-07-24,96.45772552490234,26.51656723022461,57.531497955322266,68.15540313720703
2012-07-25,96.39481353759766,26.62784767150879,57.571964263916016,68.1634750366211
2012-07-26,97.96810150146484,27.32168960571289,57.531497955322266,68.1634750366211
2012-07-27,99.85601806640625,27.956621170043945,57.31568908691406,68.1151123046875
2012-07-30,99.80882263183594,27.878067016601562,57.42356872558594,68.14735412597656
2012-07-31,99.1637954711914,27.73406219482422,57.48431396484375,68.1634750366211
2012-08-01,99.05364990234375,27.714420318603516,57.414642333984375,68.15213012695312
2012-08-02,98.36140441894531,27.40023422241211,57.52280044555664,68.16022491455078
2012-08-03,100.28081512451172,28.211894989013672,57.31325912475586,68.13602447509766
2012-08-06,100.54828643798828,28.39517593383789,57.367347717285156,68.14412689208984
2012-08-07,101.0045166015625,28.611183166503906,57.218658447265625,68.11186218261719
2012-08-08,101.11463928222656,28.571908950805664,57.205078125,68.0876693725586
2012-08-09,101.22478485107422,28.617725372314453,57.171295166015625,68.0876693725586
2012-08-10,101.38213348388672,28.715919494628906,57.23891067504883,68.10375213623047
2012-08-13,101.30345916748047,28.565357208251953,57.24567413330078,68.11186218261719
2012-08-14,101.35067749023438,28.650461196899414,57.103702545166016,68.09565734863281
2012-08-15,101.46077728271484,28.617725372314453,56.90092086791992,68.07147979736328
2012-08-16,102.15303802490234,28.91883087158203,56.84009552001953,68.06343078613281
2012-08-17,102.38900756835938,28.931930541992188,56.934749603271484,68.07147979736328
2012-08-20,102.3575439453125,28.879554748535156,56.907684326171875,68.07147979736328
2012-08-21,102.04287719726562,29.00391960144043,57.009071350097656,68.07147979736328
2012-08-22,102.05863189697266,29.00391960144043,57.23891067504883,68.11186218261719
2012-08-23,101.25626373291016,28.814098358154297,57.265926361083984,68.11992645263672
2012-08-24,101.88557434082031,28.801013946533203,57.265926361083984,68.11992645263672
2012-08-27,101.88557434082031,28.761735916137695,57.353797912597656,68.11186218261719
2012-08-28,101.79119110107422,28.591543197631836,57.374114990234375,68.11992645263672
2012-08-29,101.88557434082031,28.480274200439453,57.32678985595703,68.11992645263672
2012-08-30,101.11463928222656,28.159534454345703,57.374114990234375,68.12796020507812
2012-08-31,101.64957427978516,28.45409393310547,57.57687759399414,68.16830444335938
2012-09-04,101.38213348388672,28.25772476196289,57.5389289855957,68.1634521484375
2012-09-05,101.38213348388672,28.185714721679688,57.5389289855957,68.1634521484375
2012-09-06,103.49028778076172,28.859922409057617,57.40346145629883,68.13117980957031
2012-09-07,103.91513061523438,29.311567306518555,57.40346145629883,68.14735412597656
2012-09-10,103.3015365600586,29.082469940185547,57.417030334472656,68.13117980957031
2012-09-11,103.58472442626953,29.324665069580078,57.34251403808594,68.14735412597656
2012-09-12,103.91513061523438,29.494853973388672,57.2612190246582,68.13925170898438
2012-09-13,105.5670166015625,30.07742691040039,57.37636184692383,68.1634521484375
2012-09-14,106.00755310058594,30.424345016479492,57.09181213378906,68.13117980957031
2012-09-17,105.69286346435547,30.182147979736328,57.17312240600586,68.13117980957031
2012-09-18,105.582763671875,30.057788848876953,57.240875244140625,68.13925170898438
2012-09-19,105.66145324707031,30.169057846069336,57.315406799316406,68.13925170898438
2012-09-20,105.64572143554688,29.953048706054688,57.32891845703125,68.12310028076172
2012-09-21,105.582763671875,30.031600952148438,57.389888763427734,68.13117980957031
2012-09-24,105.44522094726562,29.93642234802246,57.450870513916016,68.13925170898438
2012-09-25,104.36990356445312,29.683507919311523,57.56605911254883,68.12310028076172
2012-09-26,103.70572662353516,29.417308807373047,57.660865783691406,68.13925170898438
2012-09-27,104.71775817871094,29.849897384643555,57.626976013183594,68.14735412597656
2012-09-28,104.24335479736328,29.423938751220703,57.681182861328125,68.17951965332031
2012-10-01,104.43312072753906,29.623615264892578,57.72465133666992,68.18122863769531
2012-10-02,104.57542419433594,29.756732940673828,57.72465133666992,68.16503143310547
2012-10-03,105.00242614746094,29.630273818969727,57.704254150390625,68.16503143310547
2012-10-04,105.80890655517578,29.929773330688477,57.60924530029297,68.16503143310547
2012-10-05,105.77729034423828,29.983022689819336,57.54817199707031,68.13275909423828
2012-10-08,105.46100616455078,29.73009490966797,57.62281036376953,68.14083862304688
2012-10-09,104.43312072753906,29.377357482910156,57.5210075378418,68.14083862304688
2012-10-10,103.72151184082031,29.257570266723633,57.60924530029297,68.13275909423828
2012-10-11,103.78477478027344,29.450572967529297,57.65673065185547,68.12468719482422
2012-10-12,103.4210433959961,29.410642623901367,57.69752502441406,68.1489486694336
2012-10-15,104.29078674316406,29.716798782348633,57.6771125793457,68.13275909423828
2012-10-16,105.35031127929688,30.129438400268555,57.561744689941406,68.13275909423828
2012-10-17,105.84054565429688,30.369029998779297,57.4192008972168,68.09242248535156
2012-10-18,105.57169342041016,30.315786361694336,57.39200973510742,68.10050201416016
2012-10-19,103.76899719238281,29.856555938720703,57.480247497558594,68.10050201416016
2012-10-22,103.83221435546875,30.109481811523438,57.39878845214844,68.07632446289062
2012-10-23,102.31410217285156,29.47719383239746,57.52777862548828,68.10855102539062
2012-10-24,102.09270477294922,29.55706214904785,57.50064468383789,68.10050201416016
2012-10-25,102.3773422241211,29.770038604736328,57.40562057495117,68.07632446289062
2012-10-26,102.29830169677734,29.650232315063477,57.52777862548828,68.09242248535156
2012-10-31,102.2033920288086,29.663558959960938,57.62281036376953,68.13275909423828
2012-11-01,103.40522766113281,30.002981185913086,57.53458786010742,68.1166000366211
2012-11-02,102.47221374511719,29.78333854675293,57.55493927001953,68.10855102539062
2012-11-05,102.7094497680664,29.776704788208008,57.643165588378906,68.10855102539062
2012-11-06,103.46849822998047,29.99632453918457,57.45991134643555,68.0843734741211
2012-11-07,101.20716094970703,29.550399780273438,57.59564208984375,68.14083862304688
2012-11-08,99.86298370361328,29.257570266723633,57.683937072753906,68.14083862304688
2012-11-09,99.97368621826172,29.30415153503418,57.62960433959961,68.14083862304688
2012-11-12,100.11602020263672,29.30415153503418,57.71784973144531,68.14083862304688
2012-11-13,99.7522964477539,29.12445831298828,57.71102523803711,68.1489486694336
2012-11-14,98.53463745117188,28.8116455078125,57.69752502441406,68.16503143310547
2012-11-15,98.1551284790039,28.871543884277344,57.690673828125,68.16503143310547
2012-11-16,98.66116333007812,28.871543884277344,57.663543701171875,68.16503143310547
2012-11-19,100.66948699951172,29.47053337097168,57.663543701171875,68.15699005126953
2012-11-20,100.78018951416016,29.430612564086914,57.57532501220703,68.14083862304688
2012-11-21,101.00157165527344,29.510469436645508,57.51420211791992,68.13275909423828
2012-11-23,102.28247833251953,30.082847595214844,57.52777862548828,68.13275909423828
2012-11-26,102.15597534179688,29.99632453918457,57.51420211791992,68.12468719482422
2012-11-27,101.66576385498047,29.796649932861328,57.62960433959961,68.13275909423828
2012-11-28,102.4248275756836,29.989665985107422,57.663543701171875,68.14083862304688
2012-11-29,102.88339233398438,30.26254653930664,57.69752502441406,68.14083862304688
2012-11-30,102.78851318359375,30.275850296020508,57.65673065185547,68.1489486694336
2012-12-03,102.4248275756836,30.255887985229492,57.702335357666016,68.15699005126953
2012-12-04,102.23503875732422,30.34906005859375,57.74997329711914,68.15699005126953
2012-12-05,102.4564208984375,30.495481491088867,57.79072570800781,68.17316436767578
2012-12-06,102.7726821899414,30.568687438964844,57.79072570800781,68.17316436767578
2012-12-07,103.0889663696289,30.60197639465332,57.68193435668945,68.17316436767578
2012-12-10,103.15222930908203,30.688493728637695,57.715911865234375,68.17316436767578
2012-12-11,103.81639862060547,30.801633834838867,57.66830062866211,68.17316436767578
2012-12-12,103.89544677734375,30.948057174682617,57.579898834228516,68.16507720947266
2012-12-13,103.26292419433594,30.854877471923828,57.464256286621094,68.16507720947266
2012-12-14,102.93083953857422,30.954727172851562,57.49831008911133,68.18121337890625
2012-12-17,104.164306640625,31.1077938079834,57.39625549316406,68.16507720947266
2012-12-18,105.22378540039062,31.347381591796875,57.267024993896484,68.12469482421875
2012-12-19,104.44896697998047,31.407291412353516,57.38947677612305,68.14083099365234
2012-12-20,105.09728240966797,31.613719940185547,57.403076171875,68.13275909423828
2012-12-21,104.11685180664062,31.33037757873535,57.48466491699219,68.14083099365234
2012-12-24,103.81422424316406,31.229175567626953,57.097007751464844,68.14083099365234
2012-12-26,103.32048797607422,31.262914657592773,57.144615173339844,68.14158630371094
2012-12-27,103.22490692138672,31.424829483032227,57.19223403930664,68.16588592529297
2012-12-28,102.07813262939453,31.20219612121582,57.205841064453125,68.16588592529297
2012-12-31,103.83016204833984,31.755407333374023,57.15143585205078,68.16588592529297
2013-01-02,106.39443969726562,32.24114990234375,57.062992095947266,68.14971923828125
2013-01-03,106.29888153076172,31.97128677368164,56.89293670654297,68.14971923828125
2013-01-04,106.744873046875,32.07249069213867,56.98136901855469,68.15779876708984
2013-01-07,106.45816802978516,31.93756103515625,56.94060134887695,68.15779876708984
2013-01-08,106.13961791992188,31.7486515045166,56.9949951171875,68.16588592529297
2013-01-09,106.45816802978516,31.930801391601562,56.974613189697266,68.19012451171875
2013-01-10,107.23860168457031,32.32886505126953,56.974613189697266,68.18204498291016
2013-01-11,107.28634643554688,32.32209777832031,57.015411376953125,68.17391204833984
2013-01-14,107.19085693359375,32.342342376708984,57.015411376953125,68.17391204833984
2013-01-15,107.23860168457031,32.24114990234375,57.09021759033203,68.18204498291016
2013-01-16,107.23860168457031,32.09271240234375,57.0833740234375,68.18204498291016
2013-01-17,107.90752410888672,32.37608337402344,56.98822021484375,68.17391204833984
2013-01-18,108.21016693115234,32.389583587646484,57.07661819458008,68.17391204833984
2013-01-22,108.73582458496094,32.382835388183594,57.022159576416016,68.19012451171875
2013-01-23,108.8950424194336,32.28838348388672,57.110591888427734,68.19012451171875
2013-01-24,108.95875549316406,32.40981674194336,57.028995513916016,68.19012451171875
2013-01-25,109.56398010253906,32.578453063964844,56.84531784057617,68.15779876708984
2013-01-28,109.43655395507812,32.32209777832031,56.7773551940918,68.13358306884766
2013-01-29,109.88253021240234,32.63918685913086,56.71611785888672,68.14158630371094
2013-01-30,109.45250701904297,32.59196853637695,56.654945373535156,68.16588592529297
2013-01-31,109.19766998291016,32.51776123046875,56.756927490234375,68.17391204833984
2013-02-01,110.24891662597656,32.83483123779297,56.59746551513672,68.16667175292969
2013-02-04,109.03839874267578,32.28163146972656,56.79509353637695,68.18285369873047
2013-02-05,110.1533203125,32.4030647277832,56.69968032836914,68.18285369873047
2013-02-06,110.24891662597656,32.47726821899414,56.835994720458984,68.19900512695312
2013-02-07,110.10552978515625,32.20066452026367,56.842830657958984,68.19900512695312
2013-02-08,110.71080017089844,32.355831146240234,56.82916259765625,68.20708465576172
2013-02-11,110.66297149658203,32.342342376708984,56.76103591918945,68.18285369873047
2013-02-12,110.83817291259766,32.457035064697266,56.77462387084961,68.16667175292969
2013-02-13,110.93372344970703,32.578453063964844,56.69968032836914,68.1585464477539
2013-02-14,111.09302520751953,32.430049896240234,56.78145217895508,68.16667175292969
2013-02-15,110.94966888427734,32.362586975097656,56.73374938964844,68.17475128173828
2013-02-19,111.71418762207031,32.64592361450195,56.71335983276367,68.16667175292969
2013-02-20,110.32847595214844,32.436805725097656,56.75425720214844,68.16667175292969
2013-02-21,109.80291748046875,31.883588790893555,56.808738708496094,68.19088745117188
2013-02-22,110.758544921875,32.24788284301758,56.835994720458984,68.19088745117188
2013-02-25,108.67205810546875,31.606977462768555,57.019996643066406,68.20708465576172
2013-02-26,109.40471649169922,31.863344192504883,57.047279357910156,68.22319793701172
2013-02-27,110.77448272705078,32.22090148925781,57.03364181518555,68.22319793701172
2013-02-28,110.64701843261719,32.146697998046875,57.060890197753906,68.21517181396484
2013-03-01,110.93372344970703,32.119712829589844,57.09225082397461,68.22970581054688
2013-03-04,111.55494689941406,32.15343475341797,57.078651428222656,68.22161865234375
2013-03-05,112.51052856445312,32.46377182006836,57.04448318481445,68.21353149414062
2013-03-06,112.71759033203125,32.551483154296875,56.94892501831055,68.20545959472656
2013-03-07,112.92466735839844,32.64592361450195,56.8669548034668,68.18929290771484
2013-03-08,113.37060546875,32.733638763427734,56.70996856689453,68.19738006591797
2013-03-11,113.78472137451172,32.77411651611328,56.68264389038086,68.18929290771484
2013-03-12,113.52989196777344,32.60544204711914,56.79185104370117,68.20545959472656
2013-03-13,113.68914794921875,32.497501373291016,56.7236442565918,68.18929290771484
2013-03-14,114.29439544677734,32.75387954711914,56.744083404541016,68.18929290771484
2013-03-15,114.1351089477539,32.7133903503418,56.81234359741211,68.21353149414062
2013-03-18,113.51395416259766,32.41655349731445,56.921600341796875,68.22970581054688
2013-03-19,113.24322509765625,32.274879455566406,56.95572280883789,68.22161865234375
2013-03-20,114.02361297607422,32.53124237060547,56.90107345581055,68.21353149414062
2013-03-21,113.0998306274414,32.234397888183594,56.914794921875,68.22161865234375
2013-03-22,113.92401123046875,32.467769622802734,56.96944046020508,68.20545959472656
2013-03-25,113.60395050048828,32.18368148803711,56.96254348754883,68.20545959472656
2013-03-26,114.45211029052734,32.37983322143555,56.98305892944336,68.21353149414062
2013-03-27,114.38810729980469,32.31218719482422,57.09912109375,68.22970581054688
2013-03-28,114.64411163330078,32.44747543334961,57.10593032836914,68.23777770996094
2013-04-01,114.32402801513672,32.14984893798828,57.158042907714844,68.24423217773438
2013-04-02,114.8841781616211,32.29190444946289,57.164852142333984,68.24423217773438
2013-04-03,113.73194885253906,32.07544708251953,57.19913864135742,68.23617553710938
2013-04-04,114.18002319335938,32.2716064453125,57.363609313964844,68.26036834716797
2013-04-05,113.73194885253906,32.1092643737793,57.52121353149414,68.26036834716797
2013-04-08,114.43610382080078,32.14308547973633,57.493797302246094,68.24423217773438
2013-04-09,114.85216522216797,32.3392333984375,57.43212127685547,68.24423217773438
2013-04-10,116.26040649414062,32.79242706298828,57.32247543334961,68.24423217773438
2013-04-11,116.6445083618164,32.934486389160156,57.34992218017578,68.24423217773438
2013-04-12,116.38844299316406,32.77214813232422,57.48693084716797,68.2522964477539
2013-04-15,113.73194885253906,31.980741500854492,57.548622131347656,68.26036834716797
2013-04-16,115.33222198486328,32.57600402832031,57.534908294677734,68.26036834716797
2013-04-17,113.6359634399414,31.85224151611328,57.562320709228516,68.26036834716797
2013-04-18,112.70782470703125,31.831939697265625,57.59660339355469,68.26036834716797
2013-04-19,113.907958984375,32.170143127441406,57.548622131347656,68.26036834716797
2013-04-22,114.42005920410156,32.24454879760742,57.62400436401367,68.26851654052734
2013-04-23,115.6363296508789,32.609806060791016,57.61029052734375,68.26036834716797
2013-04-24,115.6683120727539,32.84654998779297,57.59660339355469,68.26851654052734
2013-04-25,116.1803970336914,33.02241897583008,57.562320709228516,68.26036834716797
2013-04-26,115.9243392944336,33.04270935058594,57.63771438598633,68.27655792236328
2013-04-29,116.67646026611328,33.39445114135742,57.68569564819336,68.29271697998047
2013-04-30,117.04459381103516,33.583839416503906,57.68569564819336,68.28466033935547
2013-05-01,115.98834991455078,33.320045471191406,57.78321075439453,68.29840087890625
2013-05-02,117.02847290039062,33.48236846923828,57.79690933227539,68.29029846191406
2013-05-03,118.13274383544922,33.800296783447266,57.52228546142578,68.26602935791016
2013-05-06,118.50086212158203,33.76647186279297,57.515384674072266,68.26602935791016
2013-05-07,119.10893249511719,33.894989013671875,57.460479736328125,68.26602935791016
2013-05-08,119.73307800292969,34.280540466308594,57.515384674072266,68.27410125732422
2013-05-09,119.38092041015625,33.915279388427734,57.42615509033203,68.26602935791016
2013-05-10,119.79708862304688,33.96940994262695,57.28195571899414,68.25796508789062
2013-05-13,119.781005859375,33.88823318481445,57.220176696777344,68.24181365966797
2013-05-14,121.0452880859375,33.96940994262695,57.11029052734375,68.24181365966797
2013-05-15,121.73339080810547,34.030277252197266,57.178985595703125,68.24990844726562
2013-05-16,121.1732406616211,33.78676986694336,57.26133346557617,68.26602935791016
2013-05-17,122.32547760009766,33.97616958618164,57.13778305053711,68.24990844726562
2013-05-20,122.32547760009766,34.239952087402344,57.12406921386719,68.25796508789062
2013-05-21,122.48552703857422,34.260250091552734,57.178985595703125,68.25796508789062
2013-05-22,121.66938781738281,33.90176010131836,56.98674774169922,68.23371124267578
2013-05-23,121.23731994628906,33.54326629638672,56.97983932495117,68.24990844726562
2013-05-24,121.07725524902344,33.24563217163086,56.98674774169922,68.23371124267578
2013-05-28,121.94137573242188,33.286231994628906,56.67093276977539,68.18518829345703
2013-05-29,121.01321411132812,33.04270935058594,56.7189826965332,68.18518829345703
2013-05-30,121.54135131835938,33.177982330322266,56.67093276977539,68.20143127441406
2013-05-31,119.76502990722656,32.474525451660156,56.57477951049805,68.1933364868164
2013-06-03,120.38911437988281,32.79242706298828,56.52320098876953,68.21517944335938
2013-06-04,120.0210189819336,32.684207916259766,56.50254440307617,68.21517944335938
2013-06-05,118.18074035644531,32.08897018432617,56.48192596435547,68.22319030761719
2013-06-06,119.10893249511719,32.28512954711914,56.55757141113281,68.21517944335938
2013-06-07,120.77317810058594,32.481292724609375,56.413108825683594,68.20703887939453
2013-06-10,120.72522735595703,32.45423126220703,56.26862335205078,68.18280792236328
2013-06-11,119.49292755126953,32.001033782958984,56.29611587524414,68.17466735839844
2013-06-12,118.56482696533203,31.946924209594727,56.186073303222656,68.16664123535156
2013-06-13,120.27716064453125,32.43394470214844,56.433746337890625,68.19895935058594
2013-06-14,119.5409927368164,32.03486251831055,56.49565124511719,68.24747467041016
2013-06-17,120.50122833251953,32.461002349853516,56.45439147949219,68.24747467041016
2013-06-18,121.4292984008789,32.630104064941406,56.406219482421875,68.24747467041016
2013-06-19,119.81303405761719,31.994266510009766,56.07601547241211,68.16664123535156
2013-06-20,116.77250671386719,30.93907356262207,55.5669059753418,68.1585464477539
2013-06-21,117.14054107666016,31.006711959838867,55.33988571166992,68.10196685791016
2013-06-24,115.6592788696289,30.389196395874023,55.07155990600586,68.0696792602539
2013-06-25,116.81731414794922,30.786701202392578,55.202301025390625,68.06153106689453
2013-06-26,117.91099548339844,30.98545265197754,55.394920349121094,68.09394836425781
2013-06-27,118.69910430908203,31.341867446899414,55.61505889892578,68.13431549072266
2013-06-28,117.95922088623047,31.30759620666504,55.64257049560547,68.12619018554688
2013-07-01,118.84384155273438,31.554323196411133,55.73707962036133,68.15608215332031
2013-07-02,118.6668472290039,31.37611961364746,55.750816345214844,68.16419219970703
2013-07-03,118.77951049804688,31.300729751586914,55.70944595336914,68.15608215332031
2013-07-05,120.09834289550781,31.424100875854492,55.0890007019043,68.08341979980469
2013-07-08,120.72566223144531,31.561172485351562,55.33719253540039,68.13184356689453
2013-07-09,121.64248657226562,31.773635864257812,55.399261474609375,68.1237564086914
2013-07-10,121.6745834350586,31.787336349487305,55.26134490966797,68.1237564086914
2013-07-11,123.3956298828125,32.746864318847656,55.633628845214844,68.18036651611328
2013-07-12,123.4277572631836,32.534400939941406,55.55779266357422,68.1399917602539
2013-07-15,123.87812805175781,32.733150482177734,55.70944595336914,68.1722640991211
2013-07-16,123.41166687011719,32.746864318847656,55.79216766357422,68.18036651611328
2013-07-17,123.71728515625,32.89765167236328,55.91628646850586,68.2046127319336
2013-07-18,124.42498016357422,33.01415252685547,55.82666778564453,68.19658660888672
2013-07-19,124.65018463134766,32.993587493896484,55.971405029296875,68.22891998291016
2013-07-22,124.87530517578125,33.18549728393555,56.00590896606445,68.22891998291016
2013-07-23,124.61800384521484,33.33628463745117,55.99210739135742,68.2208480834961
2013-07-24,124.15154266357422,33.1992073059082,55.81288146972656,68.18839263916016
2013-07-25,124.37675476074219,33.267738342285156,55.79216766357422,68.22891998291016
2013-07-26,124.5375747680664,33.11011505126953,55.833526611328125,68.23694610595703
2013-07-29,124.16757202148438,32.80854797363281,55.82666778564453,68.22891998291016
2013-07-30,124.18368530273438,32.74000930786133,55.79216766357422,68.23694610595703
2013-07-31,124.21589660644531,32.75372314453125,55.85421371459961,68.23694610595703
2013-08-01,125.72774505615234,33.171791076660156,55.582027435302734,68.21114349365234
2013-08-02,125.92078399658203,33.33628463745117,55.76164627075195,68.25959014892578
2013-08-05,125.8403549194336,33.23345947265625,55.78236389160156,68.25154113769531
2013-08-06,125.08443450927734,33.14437484741211,55.74784851074219,68.24345397949219
2013-08-07,124.65018463134766,32.911346435546875,55.83073425292969,68.25959014892578
2013-08-08,125.08443450927734,33.34998321533203,55.85834884643555,68.25959014892578
2013-08-09,124.73058319091797,33.411659240722656,55.92747497558594,68.24345397949219
2013-08-12,124.56971740722656,33.40481185913086,55.823822021484375,68.24345397949219
2013-08-13,125.05226135253906,33.61726760864258,55.63044738769531,68.21114349365234
2013-08-14,124.34449768066406,33.60356903076172,55.60275650024414,68.21114349365234
2013-08-15,122.5270767211914,33.37739944458008,55.402442932128906,68.18685913085938
2013-08-16,122.17318725585938,33.34998321533203,55.25735855102539,68.19490814208984
2013-08-19,121.4012222290039,33.0552864074707,55.098487854003906,68.17877197265625
2013-08-20,121.88372802734375,32.993587493896484,55.25735855102539,68.19490814208984
2013-08-21,121.25648498535156,32.52068328857422,55.0432014465332,68.15447998046875
2013-08-22,122.31800079345703,32.95247268676758,55.098487854003906,68.13021087646484
2013-08-23,122.72007751464844,33.151222229003906,55.25735855102539,68.13021087646484
2013-08-26,122.33406066894531,32.95247268676758,55.35406494140625,68.15447998046875
2013-08-27,120.32357788085938,32.37677001953125,55.49225997924805,68.18685913085938
2013-08-28,120.72566223144531,32.356197357177734,55.39551544189453,68.1463851928711
2013-08-29,120.91867065429688,32.36306381225586,55.4507942199707,68.16263580322266
2013-08-30,120.38787841796875,32.11631774902344,55.37479782104492,68.1706771850586
2013-09-03,121.09562683105469,32.637203216552734,55.25086212158203,68.14479064941406
2013-09-04,122.10887145996094,32.95247268676758,55.18165969848633,68.08006286621094
2013-09-05,122.07670593261719,33.01415252685547,54.80091094970703,68.01541900634766
2013-09-06,122.28583526611328,33.219764709472656,55.00863265991211,68.08006286621094
2013-09-09,123.49208068847656,33.809173583984375,55.14700698852539,68.09623718261719
2013-09-10,124.42498016357422,34.11759948730469,55.029327392578125,68.07196044921875
2013-09-11,124.81094360351562,34.199832916259766,55.18165969848633,68.10432434082031
2013-09-12,124.50538635253906,33.966827392578125,55.167816162109375,68.10432434082031
2013-09-13,124.7627182006836,34.11759948730469,55.25782012939453,68.10432434082031
2013-09-16,125.51863861083984,34.43286895751953,55.32706069946289,68.1528549194336
2013-09-17,126.03339385986328,34.43286895751953,55.37546920776367,68.17720794677734
2013-09-18,127.54527282714844,35.4197998046875,55.81856155395508,68.26612854003906
2013-09-19,127.33615112304688,35.15935134887695,55.75625991821289,68.24185943603516
2013-09-20,126.33891296386719,34.82353210449219,55.74937438964844,68.24994659423828
2013-09-23,125.87498474121094,34.85105895996094,55.790855407714844,68.26612854003906
2013-09-24,125.60018920898438,34.81664276123047,55.9085578918457,68.27420043945312
2013-09-25,125.19608306884766,34.78221130371094,56.026241302490234,68.2984619140625
2013-09-26,125.69720458984375,34.92680358886719,55.94316864013672,68.26612854003906
2013-09-27,125.16375732421875,34.80284881591797,55.957027435302734,68.30653381347656
2013-09-30,124.4686508178711,34.52747344970703,55.991607666015625,68.32274627685547
2013-10-01,125.42240905761719,34.7684440612793,55.92363739013672,68.30492401123047
2013-10-02,125.26074981689453,34.81664276123047,55.98607635498047,68.31298065185547
2013-10-03,124.1453857421875,34.651405334472656,56.01383972167969,68.31298065185547
2013-10-04,125.05062866210938,34.740909576416016,55.951438903808594,68.28873443603516
2013-10-07,123.98375701904297,34.4379768371582,55.9930305480957,68.28873443603516
2013-10-08,122.5450668334961,34.15570831298828,55.972206115722656,68.23208618164062
2013-10-09,122.5450668334961,34.40355682373047,55.937522888183594,68.25638580322266
2013-10-10,125.30926513671875,34.98188781738281,55.951438903808594,68.25638580322266
2013-10-11,126.0528335571289,35.112674713134766,55.972206115722656,68.25638580322266
2013-10-14,126.60242462158203,35.25728225708008,55.861209869384766,68.23208618164062
2013-10-15,125.66488647460938,35.05072784423828,55.847320556640625,68.25638580322266
2013-10-16,127.37830352783203,35.35364532470703,56.083187103271484,68.28067779541016
2013-10-17,128.25120544433594,35.71855545043945,56.27748107910156,68.30492401123047
2013-10-18,129.10800170898438,35.904449462890625,56.339908599853516,68.30492401123047
2013-10-21,129.172607421875,35.95263671875,56.27052688598633,68.30492401123047
2013-10-22,129.86767578125,36.31753158569336,56.45089340209961,68.36157989501953
2013-10-23,129.2696075439453,35.849365234375,56.47866439819336,68.33728790283203
2013-10-24,129.68992614746094,36.02837371826172,56.47866439819336,68.3292007446289
2013-10-25,130.2879638671875,35.987056732177734,56.54108810424805,68.3454360961914
2013-10-28,130.4496307373047,35.97328567504883,56.492523193359375,68.36157989501953
2013-10-29,131.24986267089844,36.062801361083984,56.534149169921875,68.36157989501953
2013-10-30,130.5143280029297,35.938873291015625,56.47172546386719,68.36157989501953
2013-10-31,130.0294189453125,35.794281005859375,56.47172546386719,68.36970520019531
2013-11-01,130.40115356445312,35.5739631652832,56.31943893432617,68.34456634521484
2013-11-04,130.9911651611328,35.73920822143555,56.35421371459961,68.36075592041016
2013-11-05,130.5951385498047,35.37431716918945,56.187339782714844,68.36075592041016
2013-11-06,131.2012481689453,35.70478439331055,56.28464889526367,68.37693786621094
2013-11-07,129.5201873779297,35.092037200927734,56.39592742919922,68.39309692382812
2013-11-08,131.29832458496094,35.28480911254883,56.027408599853516,68.34456634521484
2013-11-11,131.27406311035156,35.2641716003418,55.9787712097168,68.36075592041016
2013-11-12,131.0396270751953,35.098915100097656,55.950923919677734,68.34456634521484
2013-11-13,132.04991149902344,35.23661422729492,56.1038932800293,68.34456634521484
2013-11-14,132.7854461669922,35.436283111572266,56.26384353637695,68.38502502441406
2013-11-15,133.35928344726562,35.80805969238281,56.28464889526367,68.38502502441406
2013-11-18,132.86630249023438,35.87690734863281,56.38899612426758,68.4173355102539
2013-11-19,132.60763549804688,35.74609375,56.2777214050293,68.39309692382812
2013-11-20,132.1873321533203,35.470703125,56.124752044677734,68.40119171142578
2013-11-21,133.22189331054688,35.6428108215332,56.124752044677734,68.43360900878906
2013-11-22,133.9008331298828,35.74609375,56.24993896484375,68.4173355102539
2013-11-25,133.8199920654297,35.63593292236328,56.291664123535156,68.4173355102539
2013-11-26,133.75538635253906,35.55331802368164,56.29859161376953,68.42552185058594
2013-11-27,134.11904907226562,35.725440979003906,56.2777214050293,68.42552185058594
2013-11-29,133.925048828125,35.84249496459961,56.305538177490234,68.43360900878906
2013-12-02,133.71495056152344,35.518898010253906,56.09300994873047,68.39231872558594
2013-12-03,133.19764709472656,35.28480911254883,56.148738861083984,68.4084701538086
2013-12-04,133.0441436767578,35.098915100097656,56.065120697021484,68.39231872558594
2013-12-05,132.53492736816406,34.93368148803711,55.96759033203125,68.40038299560547
2013-12-06,134.03826904296875,35.42250061035156,56.05121994018555,68.37611389160156
2013-12-09,134.34535217285156,35.42250061035156,56.1069450378418,68.37611389160156
2013-12-10,133.8847198486328,35.346771240234375,56.22541046142578,68.40038299560547
2013-12-11,132.36517333984375,35.02318572998047,56.127811431884766,68.37611389160156
2013-12-12,131.92868041992188,34.73402786254883,55.98149490356445,68.35181427001953
2013-12-13,131.88832092285156,34.761566162109375,56.04422378540039,68.36800384521484
2013-12-16,132.7288818359375,35.00252914428711,56.065120697021484,68.36800384521484
2013-12-17,132.26007080078125,34.85105895996094,56.16965103149414,68.38422393798828
2013-12-18,134.56349182128906,35.35364532470703,56.148738861083984,68.38422393798828
2013-12-19,134.44236755371094,35.229732513427734,56.04422378540039,68.34374237060547
2013-12-20,135.12127685546875,35.35337829589844,56.148738861083984,68.31946563720703
2013-12-23,136.5518341064453,35.638214111328125,56.079063415527344,68.3114013671875
2013-12-24,136.23817443847656,35.72157669067383,55.960968017578125,68.2870864868164
2013-12-26,136.87197875976562,35.84663009643555,55.87708282470703,68.27979278564453
2013-12-27,136.880126953125,36.0550422668457,55.87708282470703,68.31218719482422
2013-12-30,136.82325744628906,36.235652923583984,55.967960357666016,68.32835388183594
2013-12-31,137.45713806152344,36.388492584228516,55.94698715209961,68.31218719482422
2014-01-02,136.22195434570312,35.749366760253906,55.995906829833984,68.34457397460938
2014-01-03,136.09999084472656,35.7354736328125,56.00292205810547,68.32025146484375
2014-01-06,135.75869750976562,35.63125991821289,56.051815032958984,68.32835388183594
2014-01-07,136.6038818359375,35.80495071411133,56.1217155456543,68.32835388183594
2014-01-08,136.66075134277344,35.78410339355469,55.93997573852539,68.26360321044922
2014-01-09,136.7419891357422,35.67988967895508,56.04483413696289,68.27979278564453
2014-01-10,137.05889892578125,36.04808044433594,56.3173942565918,68.34457397460938
2014-01-13,135.3199462890625,35.770206451416016,56.394287109375,68.36077880859375
2014-01-14,136.72572326660156,36.0550422668457,56.31043243408203,68.34457397460938
2014-01-15,137.49778747558594,36.13145065307617,56.275455474853516,68.32025146484375
2014-01-16,137.2864532470703,36.13838577270508,56.40127182006836,68.33645629882812
2014-01-17,136.69322204589844,36.006412506103516,56.46418380737305,68.33645629882812
2014-01-21,137.12396240234375,36.13838577270508,56.46418380737305,68.32835388183594
2014-01-22,137.20518493652344,36.24955749511719,56.36632537841797,68.29598236083984
2014-01-23,136.09999084472656,35.867469787597656,56.52007293701172,68.36077880859375
2014-01-24,133.1745147705078,34.93656539916992,56.666805267333984,68.38510131835938
2014-01-27,132.5244140625,34.721195220947266,56.56202697753906,68.3769760131836
2014-01-28,133.34521484375,35.07550048828125,56.610939025878906,68.3769760131836
2014-01-29,131.95558166503906,34.65174102783203,56.73673629760742,68.42549896240234
2014-01-30,133.43455505371094,34.853206634521484,56.73673629760742,68.41741943359375
2014-01-31,132.60565185546875,34.42249298095703,56.8135871887207,68.4498062133789
2014-02-03,129.70457458496094,33.790306091308594,56.99645233154297,68.46842956542969
2014-02-04,130.58224487304688,34.09597396850586,56.90531921386719,68.47652435302734
2014-02-05,130.3628387451172,34.172401428222656,56.78626251220703,68.444091796875
2014-02-06,132.11004638671875,34.79068374633789,56.76529312133789,68.45220184326172
2014-02-07,133.81646728515625,35.15888214111328,56.835323333740234,68.46842956542969
2014-02-10,134.02780151367188,35.0338249206543,56.870338439941406,68.45220184326172
2014-02-11,135.5068817138672,35.56874465942383,56.75128173828125,68.43606567382812
2014-02-12,135.62869262695312,35.596534729003906,56.65324783325195,68.4036865234375
2014-02-13,136.2950897216797,35.68684768676758,56.79331970214844,68.444091796875
2014-02-14,137.01829528808594,35.91609573364258,56.77228927612305,68.444091796875
2014-02-18,137.22142028808594,36.06893539428711,56.8493537902832,68.46842956542969
2014-02-19,136.2787322998047,35.83967971801758,56.80031967163086,68.444091796875
2014-02-20,137.05078125,35.957767486572266,56.79331970214844,68.45220184326172
2014-02-21,136.9857940673828,36.082820892333984,56.835323333740234,68.4603271484375
2014-02-24,137.63589477539062,36.32596206665039,56.821311950683594,68.4603271484375
2014-02-25,137.58712768554688,36.277339935302734,56.933353424072266,68.45220184326172
2014-02-26,137.58712768554688,36.09670639038086,57.052433013916016,68.48464965820312
2014-02-27,138.3509979248047,36.2703971862793,57.12252426147461,68.47652435302734
2014-02-28,138.6597900390625,36.3468132019043,57.08045196533203,68.47652435302734
2014-03-03,137.7090301513672,35.638214111328125,57.20117950439453,68.515380859375
2014-03-04,139.6756134033203,36.277339935302734,57.00466537475586,68.4587173461914
2014-03-05,139.699951171875,36.277339935302734,57.08186721801758,68.48300170898438
2014-03-06,140.14694213867188,36.680267333984375,56.941471099853516,68.44247436523438
2014-03-07,140.11439514160156,36.39543151855469,56.77305221557617,68.39385986328125
2014-03-10,140.13877868652344,36.13838577270508,56.80814743041992,68.4019775390625
2014-03-11,139.3668212890625,35.950828552246094,56.80112838745117,68.4019775390625
2014-03-12,139.4643096923828,35.86051940917969,56.92045593261719,68.42633056640625
2014-03-13,137.92031860351562,35.276973724365234,57.088829040527344,68.4667739868164
2014-03-14,137.52212524414062,35.24917984008789,57.05375671386719,68.45060729980469
2014-03-17,138.75733947753906,35.65211486816406,56.97657775878906,68.42633056640625
2014-03-18,139.74066162109375,35.90220642089844,57.03974151611328,68.44247436523438
2014-03-19,138.97674560546875,35.436744689941406,56.77305221557617,68.32914733886719
2014-03-20,139.76499938964844,35.36728286743164,56.72391891479492,68.33719635009766
2014-03-21,139.30181884765625,35.36033630371094,56.88533020019531,68.34529113769531
2014-03-24,138.71324157714844,35.47149658203125,56.89235305786133,68.3128890991211
2014-03-25,139.3907928466797,35.81226348876953,56.878299713134766,68.32106018066406
2014-03-26,138.36216735839844,35.819244384765625,57.03275680541992,68.36959838867188
2014-03-27,138.0846405029297,36.078155517578125,57.088829040527344,68.36151885986328
2014-03-28,138.69686889648438,36.295066833496094,56.983646392822266,68.36151885986328
2014-03-31,139.8805694580078,36.525978088378906,56.983646392822266,68.4019775390625
2014-04-01,140.81936645507812,36.77788543701172,56.920284271240234,68.36227416992188
2014-04-02,141.30101013183594,36.84785842895508,56.80773162841797,68.33802032470703
2014-04-03,141.0806121826172,36.74290084838867,56.85698318481445,68.35425567626953
2014-04-04,139.3826446533203,36.658931732177734,57.02581024169922,68.4109115600586
2014-04-07,137.8804931640625,36.532989501953125,57.13134765625,68.41902160644531
2014-04-08,138.4519805908203,36.63093566894531,57.173519134521484,68.42713165283203
2014-04-09,139.94581604003906,37.05776596069336,57.15941619873047,68.45954895019531
2014-04-10,136.95811462402344,36.42802047729492,57.335330963134766,68.50006866455078
2014-04-11,135.72537231445312,36.295066833496094,57.37049865722656,68.4919204711914
2014-04-14,136.8192901611328,36.44900894165039,57.363502502441406,68.48382568359375
2014-04-15,137.76625061035156,36.21110916137695,57.39161682128906,68.48382568359375
2014-04-16,139.21934509277344,36.58195877075195,57.35643768310547,68.45954895019531
2014-04-17,139.3826446533203,36.77788543701172,57.208744049072266,68.44332122802734
2014-04-21,139.8968963623047,36.87583923339844,57.22276306152344,68.44332122802734
2014-04-22,140.50918579101562,36.90383529663086,57.22276306152344,68.4109115600586
2014-04-23,140.17445373535156,36.791873931884766,57.31421661376953,68.44332122802734
2014-04-24,140.48472595214844,36.81986618041992,57.32829284667969,68.42713165283203
2014-04-25,139.35812377929688,36.595951080322266,57.34941864013672,68.43522644042969
2014-04-28,139.78262329101562,36.70790100097656,57.2861213684082,68.43522644042969
2014-04-29,140.45201110839844,36.85486602783203,57.31421661376953,68.42713165283203
2014-04-30,140.892822265625,36.9878044128418,57.440879821777344,68.47575378417969
2014-05-01,140.90106201171875,37.04377746582031,57.580482482910156,68.4765396118164
2014-05-02,140.67242431640625,37.092750549316406,57.64391326904297,68.46842956542969
2014-05-05,140.96632385253906,37.05776596069336,57.580482482910156,68.4765396118164
2014-05-06,139.74179077148438,37.029781341552734,57.63690948486328,68.45221710205078
2014-05-07,140.56626892089844,37.12775802612305,57.66507339477539,68.4765396118164
2014-05-08,140.39486694335938,37.13474655151367,57.69327163696289,68.49276733398438
2014-05-09,140.63975524902344,37.05776596069336,57.62278747558594,68.51709747314453
2014-05-12,141.970458984375,37.37965393066406,57.566383361816406,68.50082397460938
2014-05-13,142.1010284423828,37.414649963378906,57.672142028808594,68.52518463134766
2014-05-14,141.4153289794922,37.43563461303711,57.820186614990234,68.54946899414062
2014-05-15,140.14181518554688,37.204715728759766,57.92595672607422,68.55758666992188
2014-05-16,140.6887664794922,37.32368469238281,57.92595672607422,68.5656967163086
2014-05-19,141.1703643798828,37.302677154541016,57.90477752685547,68.5819091796875
2014-05-20,140.23977661132812,37.05077362060547,57.93302917480469,68.59001922607422
2014-05-21,141.4561309814453,37.32368469238281,57.8836555480957,68.59001922607422
2014-05-22,141.83982849121094,37.43563461303711,57.848392486572266,68.57379150390625
2014-05-23,142.4275665283203,37.54059982299805,57.90477752685547,68.55758666992188
2014-05-27,143.26841735839844,37.6805305480957,57.961181640625,68.57379150390625
2014-05-28,143.1214599609375,37.603580474853516,58.15155029296875,68.59001922607422
2014-05-29,143.93785095214844,37.806488037109375,58.102210998535156,68.5819091796875
2014-05-30,144.12557983398438,37.70152282714844,58.0457878112793,68.59806060791016
2014-06-02,144.3214874267578,37.86945724487305,57.903778076171875,68.5519027709961
2014-06-03,144.231689453125,37.806488037109375,57.762508392333984,68.53568267822266
2014-06-04,144.4929656982422,37.79948425292969,57.769493103027344,68.56002807617188
2014-06-05,145.4725341796875,38.0513916015625,57.83314895629883,68.56810760498047
2014-06-06,146.16641235351562,38.28230285644531,57.82608413696289,68.5519027709961
2014-06-09,146.31336975097656,38.3102912902832,57.776607513427734,68.50324249267578
2014-06-10,146.34605407714844,38.28230285644531,57.663570404052734,68.48702239990234
2014-06-11,145.87257385253906,38.14235305786133,57.68475341796875,68.5113754272461
2014-06-12,144.78684997558594,38.128379821777344,57.83314895629883,68.53568267822266
2014-06-13,145.2439422607422,38.1773567199707,57.81902313232422,68.49515533447266
2014-06-16,145.36643981933594,38.14235305786133,57.804847717285156,68.47895050048828
2014-06-17,145.75010681152344,38.0933837890625,57.670631408691406,68.42221069335938
2014-06-18,146.8358612060547,38.450233459472656,57.81902313232422,68.47895050048828
2014-06-19,147.01541137695312,38.54121398925781,57.769493103027344,68.4708480834961
2014-06-20,147.30931091308594,38.51321792602539,57.804847717285156,68.4708480834961
2014-06-23,147.2428741455078,38.43624496459961,57.78369140625,68.4708480834961
2014-06-24,146.37368774414062,38.212677001953125,57.88963317871094,68.49515533447266
2014-06-25,146.9969024658203,38.22682189941406,57.967384338378906,68.50324249267578
2014-06-26,146.923095703125,38.26927947998047,58.045108795166016,68.51943969726562
2014-06-27,147.1772918701172,38.36832809448242,58.045108795166016,68.53568267822266
2014-06-30,147.13626098632812,38.410770416259766,58.09457778930664,68.5438003540039
2014-07-01,148.16954040527344,38.74331283569336,57.98269271850586,68.5154037475586
2014-07-02,148.27615356445312,38.7999153137207,57.826900482177734,68.4910888671875
2014-07-03,149.02235412597656,38.948490142822266,57.756134033203125,68.48294067382812
2014-07-07,148.53855895996094,38.68671417236328,57.826900482177734,68.46675109863281
2014-07-08,147.57913208007812,38.37540817260742,57.93313980102539,68.48294067382812
2014-07-09,148.19407653808594,38.516910552978516,57.989749908447266,68.4910888671875
2014-07-10,147.62832641601562,38.113624572753906,58.003902435302734,68.52351379394531
2014-07-11,147.8250732421875,38.16313552856445,58.08890914916992,68.53970336914062
2014-07-14,148.554931640625,38.417842864990234,58.003902435302734,68.5316390991211
2014-07-15,148.3007354736328,38.297569274902344,57.96145248413086,68.49922180175781
2014-07-16,148.8665008544922,38.531044006347656,57.98269271850586,68.4910888671875
2014-07-17,147.1199493408203,38.00749206542969,58.13848114013672,68.54786682128906
2014-07-18,148.6697540283203,38.38248062133789,58.13848114013672,68.4910888671875
2014-07-21,148.34991455078125,38.31880569458008,58.13848114013672,68.49922180175781
2014-07-22,149.0141143798828,38.54520034790039,58.21635818481445,68.49922180175781
2014-07-23,149.36676025390625,38.62303161621094,58.188011169433594,68.52351379394531
2014-07-24,149.36676025390625,38.67256164550781,58.07474136352539,68.49922180175781
2014-07-25,148.6533203125,38.538116455078125,58.180946350097656,68.50727081298828
2014-07-28,148.71888732910156,38.62303161621094,58.16676330566406,68.47486877441406
2014-07-29,148.0875244140625,38.47444534301758,58.21635818481445,68.4910888671875
2014-07-30,148.0875244140625,38.4461555480957,57.99687576293945,68.45866394042969
2014-07-31,145.11082458496094,37.745723724365234,57.93313980102539,68.4910888671875
2014-08-01,144.75827026367188,37.61836242675781,58.1261100769043,68.577880859375
2014-08-04,145.7751007080078,37.851837158203125,58.20418930053711,68.577880859375
2014-08-05,144.2989959716797,37.31413269042969,58.1261100769043,68.577880859375
2014-08-06,144.3892059326172,37.271690368652344,58.18997573852539,68.59408569335938
2014-08-07,143.6102294921875,36.96038055419922,58.31774139404297,68.62652587890625
2014-08-08,145.2748565673828,37.179718017578125,58.27513885498047,68.58596801757812
2014-08-11,145.68482971191406,37.406105041503906,58.30351257324219,68.58596801757812
2014-08-12,145.51266479492188,37.3707389831543,58.25385665893555,68.58596801757812
2014-08-13,146.5376739501953,37.61836242675781,58.36027908325195,68.61841583251953
2014-08-14,147.1772918701172,37.75987243652344,58.41703796386719,68.63468170166016
2014-08-15,147.13626098632812,37.7244873046875,58.52347946166992,68.63468170166016
2014-08-18,148.3581085205078,37.99334716796875,58.40288162231445,68.63468170166016
2014-08-19,149.1453399658203,38.071170806884766,58.39572525024414,68.63468170166016
2014-08-20,149.5552978515625,38.014564514160156,58.310611724853516,68.56977081298828
2014-08-21,149.98179626464844,38.0782470703125,58.37446975708008,68.56977081298828
2014-08-22,149.74400329589844,37.92966842651367,58.37446975708008,68.55355072021484
2014-08-25,150.52294921875,38.21974563598633,58.39572525024414,68.52922821044922
2014-08-26,150.6459503173828,38.25511932373047,58.42411422729492,68.55355072021484
2014-08-27,150.62136840820312,38.389549255371094,58.51637649536133,68.56977081298828
2014-08-28,150.50653076171875,38.17023468017578,58.59443283081055,68.58596801757812
2014-08-29,150.87554931640625,38.18437957763672,58.59443283081055,68.61841583251953
2014-09-02,150.83457946777344,38.18437957763672,58.39463424682617,68.56004333496094
2014-09-03,150.76902770996094,38.52397155761719,58.49416732788086,68.57621765136719
2014-09-04,150.52294921875,38.29049301147461,58.39463424682617,68.56814575195312
2014-09-05,151.24462890625,38.37540817260742,58.3732795715332,68.59247589111328
2014-09-08,150.8591766357422,37.99334716796875,58.33064651489258,68.5518798828125
2014-09-09,149.8833465576172,37.79524230957031,58.23100662231445,68.51132202148438
2014-09-10,150.47381591796875,37.922584533691406,58.124393463134766,68.51942443847656
2014-09-11,150.61318969726562,37.7315673828125,58.08175277709961,68.52752685546875
2014-09-12,149.7194061279297,37.540550231933594,57.989280700683594,68.51132202148438
2014-09-15,149.62100219726562,37.46977996826172,58.01774978637695,68.54376983642578
2014-09-16,150.7361602783203,37.71033477783203,57.99638366699219,68.58432006835938
2014-09-17,150.94935607910156,37.43439865112305,57.92530059814453,68.51132202148438
2014-09-18,151.736572265625,37.653743743896484,57.932403564453125,68.51942443847656
2014-09-19,151.58901977539062,37.43439865112305,58.053306579589844,68.51132202148438
2014-09-22,150.41574096679688,37.1938591003418,58.124393463134766,68.56004333496094
2014-09-23,149.56712341308594,36.93916702270508,58.15282440185547,68.57621765136719
2014-09-24,150.77003479003906,37.14826202392578,58.11725997924805,68.5518798828125
2014-09-25,148.3477020263672,36.543704986572266,58.259483337402344,68.60060119628906
2014-09-26,149.5423583984375,36.749969482421875,58.20265579223633,68.56814575195312
2014-09-29,149.24581909179688,36.35165786743164,58.273651123046875,68.58432006835938
2014-09-30,148.79258728027344,36.2734375,58.259483337402344,68.56814575195312
2014-10-01,146.83998107910156,35.832462310791016,58.509613037109375,68.64118957519531
2014-10-02,146.83163452148438,35.583526611328125,58.46682357788086,68.63304138183594
2014-10-03,148.47128295898438,35.63331604003906,58.43118667602539,68.56813049316406
2014-10-06,148.2900390625,35.90358352661133,58.56658172607422,68.63304138183594
2014-10-07,146.01597595214844,35.391483306884766,58.71620559692383,68.67363739013672
2014-10-08,148.5701446533203,35.889366149902344,58.87294387817383,68.7466812133789
2014-10-09,145.57106018066406,35.035865783691406,58.780311584472656,68.7466812133789
2014-10-10,143.93968200683594,34.452640533447266,58.8302001953125,68.77916717529297
2014-10-13,141.57505798339844,34.49532699584961,59.001220703125,68.8034896850586
2014-10-14,141.80569458007812,34.559326171875,59.07955551147461,68.8440933227539
2014-10-15,140.75106811523438,34.2606086730957,59.21493148803711,68.9333724975586
2014-10-16,140.66046142578125,34.068580627441406,59.11521911621094,68.89276885986328
2014-10-17,142.39894104003906,34.53798294067383,59.07244873046875,68.85224151611328
2014-10-20,143.79957580566406,34.77981948852539,59.122344970703125,68.89276885986328
2014-10-21,146.5926971435547,35.13544845581055,59.03680419921875,68.8765640258789
2014-10-22,145.5957489013672,34.872276306152344,59.022544860839844,68.86030578613281
2014-10-23,147.26837158203125,35.149662017822266,58.844444274902344,68.82787322998047
2014-10-24,148.3723907470703,35.348812103271484,58.89432907104492,68.8440933227539
2014-10-27,148.18287658691406,35.128326416015625,58.87294387817383,68.8440933227539
2014-10-28,149.88841247558594,35.690208435058594,58.837337493896484,68.82787322998047
2014-10-29,149.7153778076172,35.45549392700195,58.737545013427734,68.7385482788086
2014-10-30,150.66290283203125,35.6830940246582,58.780311584472656,68.76289367675781
2014-10-31,152.3684539794922,36.2449836730957,58.68056106567383,68.7466812133789
2014-11-03,152.45904541015625,35.917816162109375,58.654205322265625,68.73776245117188
2014-11-04,151.915283203125,35.73289489746094,58.6398811340332,68.72960662841797
2014-11-05,152.9122314453125,35.7684440612793,58.71126937866211,68.71336364746094
2014-11-06,153.53018188476562,35.5195198059082,58.57563781738281,68.69715881347656
2014-11-07,153.66197204589844,35.59063720703125,58.77556228637695,68.74588012695312
2014-11-10,154.12342834472656,35.6830940246582,58.654205322265625,68.69715881347656
2014-11-11,154.27169799804688,35.85379409790039,58.68274688720703,68.68902587890625
2014-11-12,154.14810180664062,35.654640197753906,58.67559051513672,68.71336364746094
2014-11-13,154.28822326660156,35.725772857666016,58.71842575073242,68.72960662841797
2014-11-14,154.3458709716797,35.846683502197266,58.73272705078125,68.76205444335938
2014-11-17,154.4282684326172,35.654640197753906,58.73272705078125,68.75402069091797
2014-11-18,155.31805419921875,35.99605941772461,58.8183708190918,68.74588012695312
2014-11-19,155.03797912597656,35.924930572509766,58.668418884277344,68.73776245117188
2014-11-20,155.31805419921875,35.80400848388672,58.73983383178711,68.75402069091797
2014-11-21,156.19146728515625,36.23786926269531,58.86836242675781,68.77023315429688
2014-11-24,156.5951690673828,36.23786926269531,58.8754997253418,68.77835845947266
2014-11-25,156.5457305908203,36.31610107421875,58.982627868652344,68.78646850585938
2014-11-26,156.90829467773438,36.50102996826172,59.068321228027344,68.79460144042969
2014-11-28,156.57046508789062,36.06006622314453,59.16822052001953,68.81893920898438
2014-12-01,155.49937438964844,35.896480560302734,59.07952117919922,68.81814575195312
2014-12-02,156.4798126220703,35.974708557128906,58.95077896118164,68.77754974365234
2014-12-03,157.08128356933594,36.02449417114258,58.93643569946289,68.74502563476562
2014-12-04,156.92478942871094,35.917816162109375,59.03661346435547,68.78558349609375
2014-12-05,157.20486450195312,35.94626235961914,58.864891052246094,68.65567016601562
2014-12-08,156.13380432128906,35.5195198059082,58.98652267456055,68.64755249023438
2014-12-09,156.01023864746094,35.320350646972656,59.00798034667969,68.6719741821289
2014-12-10,153.5631561279297,34.843833923339844,59.165374755859375,68.72879028320312
2014-12-11,154.2799530029297,34.758487701416016,59.108150482177734,68.6962890625
2014-12-12,151.77520751953125,34.12547302246094,59.308502197265625,68.76128387451172
2014-12-15,150.72052001953125,33.620487213134766,59.20112609863281,68.71253204345703
2014-12-16,149.55886840820312,33.78407669067383,59.33708953857422,68.75313568115234
2014-12-17,152.5744171142578,34.239261627197266,59.1939697265625,68.68819427490234
2014-12-18,155.3510284423828,34.808265686035156,59.10102081298828,68.64755249023438
2014-12-19,156.06787109375,34.843833923339844,59.229766845703125,68.59883117675781
2014-12-22,156.7599639892578,35.023094177246094,59.20112609863281,68.61509704589844
2014-12-23,156.99884033203125,34.908363342285156,58.943115234375,68.54198455810547
2014-12-24,156.98239135742188,35.01593017578125,58.96466827392578,68.57691192626953
2014-12-26,157.49322509765625,35.28843307495117,59.015018463134766,68.55256652832031
2014-12-29,157.71566772460938,35.058956146240234,59.1156120300293,68.61756134033203
2014-12-30,156.85887145996094,34.77212142944336,59.158756256103516,68.64192199707031
2014-12-31,155.22743225097656,34.664554595947266,59.201873779296875,68.61756134033203
2015-01-02,155.22743225097656,34.57133102416992,59.403114318847656,68.690673828125
2015-01-05,152.50027465820312,33.81121826171875,59.57558822631836,68.690673828125
2015-01-06,151.00076293945312,33.55305099487305,59.748104095458984,68.7231674194336
2015-01-07,152.8875732421875,33.94746398925781,59.784000396728516,68.75569152832031
2015-01-08,155.573486328125,34.37771987915039,59.690616607666016,68.74752807617188
2015-01-09,154.26344299316406,34.23430633544922,59.79120635986328,68.8044662475586
2015-01-12,153.11817932128906,34.09804916381836,59.870277404785156,68.84506225585938
2015-01-13,152.7144775390625,34.277320861816406,59.927764892578125,68.88568878173828
2015-01-14,151.81640625,34.133888244628906,60.06431579589844,68.92631530761719
2015-01-15,150.39926147460938,34.37771987915039,60.33027267456055,69.03192901611328
2015-01-16,152.2613067626953,34.714744567871094,60.150604248046875,68.96691131591797
2015-01-20,152.64031982421875,34.75777816772461,60.085880279541016,68.9344711303711
2015-01-21,153.43954467773438,35.087642669677734,59.970909118652344,68.9344711303711
2015-01-22,155.78773498535156,35.324283599853516,59.985267639160156,68.91004943847656
2015-01-23,154.9308624267578,35.08047103881836,60.17932891845703,68.94254302978516
2015-01-26,155.23565673828125,35.453365325927734,60.107444763183594,68.90188598632812
2015-01-27,153.20054626464844,35.41750717163086,60.14339828491211,68.94254302978516
2015-01-28,151.18199157714844,34.958553314208984,60.35902404785156,68.99130249023438
2015-01-29,152.64859008789062,35.29559326171875,60.294342041015625,68.96691131591797
2015-01-30,150.77003479003906,34.75777816772461,60.62495040893555,69.0481948852539
2015-02-02,152.50027465820312,35.27409744262695,60.55291748046875,69.02621459960938
2015-02-03,154.72486877441406,35.819087982177734,60.36567306518555,68.96936798095703
2015-02-04,154.19757080078125,35.5322380065918,60.38731384277344,68.97749328613281
2015-02-05,155.76300048828125,35.94099807739258,60.257667541503906,68.95308685302734
2015-02-06,155.32630920410156,35.453365325927734,59.868751525878906,68.79051971435547
2015-02-09,154.6177215576172,35.37447738647461,59.84712600708008,68.78237915039062
2015-02-10,156.2655487060547,35.55375289916992,59.7391357421875,68.76612091064453
2015-02-11,156.3727264404297,35.381656646728516,59.7391357421875,68.7742691040039
2015-02-12,157.82286071777344,35.9553337097168,59.767906188964844,68.79863739013672
2015-02-13,158.51490783691406,36.19197082519531,59.63108444213867,68.79863739013672
2015-02-17,158.7703094482422,36.30671310424805,59.39345169067383,68.76612091064453
2015-02-18,158.8032989501953,36.450130462646484,59.559051513671875,68.84741973876953
2015-02-19,158.6961669921875,36.407100677490234,59.5086555480957,68.8067626953125
2015-02-20,159.66015625,36.67961502075195,59.52308654785156,68.79863739013672
2015-02-23,159.6190185546875,36.52899932861328,59.64550018310547,68.83116149902344
2015-02-24,160.0886688232422,36.75847625732422,59.890342712402344,68.8880615234375
2015-02-25,159.9156036376953,36.83736038208008,59.94797897338867,68.8880615234375
2015-02-26,159.73435974121094,36.772823333740234,59.7823371887207,68.82306671142578
2015-02-27,159.18231201171875,36.765647888183594,59.83277893066406,68.84741973876953
2015-03-02,160.2286834716797,36.765647888183594,59.639373779296875,68.79132843017578
2015-03-03,159.54481506347656,36.57920455932617,59.567195892333984,68.77503967285156
2015-03-04,158.87745666503906,36.399940490722656,59.567195892333984,68.79132843017578
2015-03-05,159.05044555664062,36.42144775390625,59.603267669677734,68.8156967163086
2015-03-06,156.80113220214844,35.91947555541992,59.256900787353516,68.74252319335938
2015-03-09,157.46853637695312,35.94099807739258,59.3290901184082,68.77503967285156
2015-03-10,154.88140869140625,35.18803405761719,59.559993743896484,68.79132843017578
2015-03-11,154.5189208984375,35.2812614440918,59.624900817871094,68.79132843017578
2015-03-12,156.51275634765625,35.668487548828125,59.66822052001953,68.8075942993164
2015-03-13,155.5570526123047,35.424678802490234,59.61052703857422,68.8156967163086
2015-03-16,157.68272399902344,35.79757308959961,59.725982666015625,68.8238296508789
2015-03-17,157.14724731445312,35.78322982788086,59.77647018432617,68.8075942993164
2015-03-18,159.0175323486328,36.54336166381836,60.14445877075195,68.9702377319336
2015-03-19,158.28424072265625,36.0987434387207,59.964073181152344,68.88070678710938
2015-03-20,159.7178955078125,36.80868148803711,60.122806549072266,68.92955780029297
2015-03-23,159.43130493164062,36.98078155517578,60.15165710449219,68.95393371582031
2015-03-24,158.50376892089844,36.99513244628906,60.252723693847656,68.97835540771484
2015-03-25,156.19337463378906,36.62684631347656,60.158878326416016,68.96209716796875
2015-03-26,155.80413818359375,36.418251037597656,59.964073181152344,68.92955780029297
2015-03-27,156.12709045410156,36.447025299072266,60.02178955078125,68.9702377319336
2015-03-30,158.07318115234375,36.59806823730469,60.09395980834961,68.96209716796875
2015-03-31,156.681884765625,36.21683120727539,60.158878326416016,69.01895141601562
2015-04-01,156.17677307128906,36.50456619262695,60.39829635620117,69.04905700683594
2015-04-02,156.64053344726562,36.83544921875,60.318748474121094,69.04096221923828
2015-04-06,157.74192810058594,37.25263977050781,60.36935806274414,69.09786224365234
2015-04-07,157.31961059570312,37.23105239868164,60.405540466308594,69.04905700683594
2015-04-08,157.8909912109375,37.50440216064453,60.362125396728516,69.04905700683594
2015-04-09,158.578369140625,37.64824295043945,60.23193359375,69.02472686767578
2015-04-10,159.4478759765625,37.691410064697266,60.2029914855957,69.00841522216797
2015-04-13,158.72738647460938,37.48281478881836,60.2175178527832,69.04905700683594
2015-04-14,159.01722717285156,37.77053451538086,60.32597351074219,69.08160400390625
2015-04-15,159.7460479736328,37.99352264404297,60.38386535644531,69.08160400390625
2015-04-16,159.68798828125,38.13737487792969,60.36935806274414,69.11414337158203
2015-04-17,157.83299255371094,37.626670837402344,60.47064208984375,69.08160400390625
2015-04-20,159.27401733398438,37.64824295043945,60.405540466308594,69.07350158691406
2015-04-21,159.11663818359375,37.92878723144531,60.333229064941406,69.08160400390625
2015-04-22,159.90335083007812,38.03666687011719,60.10899353027344,69.02472686767578
2015-04-23,160.31739807128906,38.23088455200195,60.22470474243164,69.05721282958984
2015-04-24,160.64039611816406,38.396324157714844,60.318748474121094,69.08160400390625
2015-04-27,160.00271606445312,38.59772872924805,60.27534103393555,69.07350158691406
2015-04-28,160.4996337890625,38.640899658203125,60.08731460571289,69.04096221923828
2015-04-29,159.84536743164062,38.34598159790039,59.89925003051758,69.04905700683594
2015-04-30,158.2553253173828,37.957557678222656,59.964324951171875,69.04096221923828
2015-05-01,159.91160583496094,38.25246810913086,59.782447814941406,69.01248168945312
2015-05-04,160.4085235595703,38.32439041137695,59.69551467895508,69.01248168945312
2015-05-05,158.53697204589844,37.79931640625,59.60127258300781,68.9961929321289
2015-05-06,157.89930725097656,37.7777214050293,59.43461608886719,68.9717788696289
2015-05-07,158.53697204589844,37.626670837402344,59.557823181152344,68.94735717773438
2015-05-08,160.61553955078125,38.367557525634766,59.717247009277344,69.0450439453125
2015-05-11,159.84536743164062,38.058250427246094,59.405643463134766,68.9798812866211
2015-05-12,159.38165283203125,38.029483795166016,59.33323287963867,68.98807525634766
2015-05-13,159.43130493164062,38.23807907104492,59.304168701171875,69.0206527709961
2015-05-14,161.0958251953125,38.69124984741211,59.420135498046875,69.08570098876953
2015-05-15,161.26148986816406,38.799129486083984,59.65925216674805,69.08570098876953
2015-05-18,161.75836181640625,38.61212158203125,59.441856384277344,69.0450439453125
2015-05-19,161.67550659179688,38.50421905517578,59.31146240234375,69.00434875488281
2015-05-20,161.56793212890625,38.554569244384766,59.31146240234375,69.02877807617188
2015-05-21,162.0564727783203,38.71281814575195,59.49989318847656,69.05319213867188
2015-05-22,161.7003631591797,38.53299331665039,59.4636116027832,69.00434875488281
2015-05-26,159.9613494873047,37.87843322753906,59.6085319519043,69.01248168945312
2015-05-27,161.43540954589844,38.1661491394043,59.63755416870117,69.0206527709961
2015-05-28,161.28634643554688,37.986331939697266,59.644779205322266,69.05319213867188
2015-05-29,160.2345733642578,37.612281799316406,59.6664924621582,69.0694351196289
2015-06-01,160.6072540283203,37.497196197509766,59.467552185058594,69.0262222290039
2015-06-02,160.44166564941406,37.70578384399414,59.300567626953125,69.01814270019531
2015-06-03,160.88055419921875,37.82807922363281,59.039154052734375,68.99370574951172
2015-06-04,159.5720977783203,37.38211441040039,59.184364318847656,69.00186157226562
2015-06-05,159.2491455078125,37.058433532714844,58.952049255371094,68.93673706054688
2015-06-08,158.26365661621094,36.97930145263672,59.02463150024414,68.97740173339844
2015-06-09,158.2222442626953,36.80666732788086,58.85038757324219,68.9449234008789
2015-06-10,160.10218811035156,37.49000930786133,58.72692108154297,68.92857360839844
2015-06-11,160.59898376464844,37.54035949707031,59.00287628173828,68.9449234008789
2015-06-12,159.42300415039062,37.29579544067383,58.959327697753906,68.92857360839844
2015-06-15,158.68597412109375,37.044044494628906,58.966548919677734,68.9611587524414
2015-06-16,159.61351013183594,37.051231384277344,59.11900329589844,68.985595703125
2015-06-17,159.8867950439453,37.02245330810547,59.14084243774414,69.034423828125
2015-06-18,161.46847534179688,37.360538482666016,59.097251892089844,69.05067443847656
2015-06-19,160.53277587890625,37.18789291381836,59.264259338378906,69.06702423095703
2015-06-22,161.63262939453125,37.82807922363281,58.98106384277344,69.01814270019531
2015-06-23,161.7490997314453,37.979129791259766,58.84312438964844,69.00186157226562
2015-06-24,160.59262084960938,37.684226989746094,58.952049255371094,69.034423828125
2015-06-25,160.09344482421875,37.64106369018555,58.872188568115234,69.01814270019531
2015-06-26,160.09344482421875,37.60980224609375,58.76324462890625,68.97740173339844
2015-06-29,156.70716857910156,36.570335388183594,59.06094741821289,69.09141540527344
2015-06-30,157.1148681640625,36.584877014160156,59.00287628173828,69.09141540527344
2015-07-01,158.3046112060547,36.76660919189453,58.85951614379883,69.03273010253906
2015-07-02,158.18814086914062,36.85382843017578,59.00507736206055,69.13861846923828
2015-07-06,157.73052978515625,36.07603073120117,59.2087516784668,69.15496063232422
2015-07-07,158.7039794921875,35.967010498046875,59.266971588134766,69.14676666259766
2015-07-08,156.00828552246094,35.014766693115234,59.43434524536133,69.22013092041016
2015-07-09,156.2911834716797,35.5599479675293,59.237857818603516,69.17127227783203
2015-07-10,158.27967834472656,36.54126739501953,58.96140670776367,69.10609436035156
2015-07-13,160.05181884765625,36.70117950439453,58.823204040527344,69.07351684570312
2015-07-14,160.75906372070312,36.94832229614258,58.932254791259766,69.10609436035156
2015-07-15,160.69248962402344,36.73025131225586,59.09962463378906,69.13053894042969
2015-07-16,161.92379760742188,37.00648498535156,59.09962463378906,69.09793090820312
2015-07-17,162.11521911621094,36.93378448486328,59.106903076171875,69.08162689208984
2015-07-20,162.19009399414062,36.97013473510742,59.02686309814453,69.04087829589844
2015-07-21,161.54940795898438,36.90470886230469,59.13599395751953,69.04905700683594
2015-07-22,161.2332763671875,36.57761001586914,59.157806396484375,69.04087829589844
2015-07-23,160.3097686767578,36.44676971435547,59.29605484008789,69.04905700683594
2015-07-24,158.63743591308594,35.98881530761719,59.33244323730469,69.06536102294922
2015-07-27,157.73890686035156,35.6907844543457,59.4488639831543,69.1142349243164
2015-07-28,159.6524658203125,36.1051139831543,59.346988677978516,69.09793090820312
2015-07-29,160.78402709960938,36.243228912353516,59.29605484008789,69.08162689208984
2015-07-30,160.8089141845703,36.18507766723633,59.31793975830078,69.04905700683594
2015-07-31,160.5343780517578,36.3813362121582,59.52163314819336,69.12237548828125
2015-08-03,160.03518676757812,36.18507766723633,59.659400939941406,69.14521026611328
2015-08-04,159.71902465820312,36.206886291503906,59.45529556274414,69.03921508789062
2015-08-05,160.2764892578125,36.41767883300781,59.36048889160156,69.04740905761719
2015-08-06,159.05340576171875,36.22869110107422,59.396995544433594,69.06365966796875
2015-08-07,158.63743591308594,36.199623107910156,59.520877838134766,69.03108978271484
2015-08-10,160.65087890625,36.664825439453125,59.396995544433594,69.03108978271484
2015-08-11,159.17828369140625,36.039695739746094,59.62295150756836,69.12074279785156
2015-08-12,159.31968688964844,35.80708694458008,59.60105514526367,69.12074279785156
2015-08-13,159.14500427246094,35.712581634521484,59.47715759277344,69.06365966796875
2015-08-14,159.7606201171875,35.748931884765625,59.45529556274414,69.03108978271484
2015-08-17,160.65087890625,35.68350601196289,59.56461715698242,69.07180786132812
2015-08-18,160.16001892089844,35.40728759765625,59.45529556274414,69.06365966796875
2015-08-19,158.89532470703125,35.051116943359375,59.66669464111328,69.1288833618164
2015-08-20,155.55906677246094,34.26605987548828,59.71772003173828,69.10444641113281
2015-08-21,150.6252899169922,33.444671630859375,59.81251525878906,69.17776489257812
2015-08-24,144.4851531982422,32.230751037597656,59.79789352416992,69.21036529541016
2015-08-25,142.7296142578125,32.4778938293457,59.60105514526367,69.17776489257812
2015-08-26,148.3955535888672,33.32836151123047,59.34593963623047,69.13705444335938
2015-08-27,152.0230255126953,33.953495025634766,59.42610168457031,69.14521026611328
2015-08-28,152.0230255126953,33.92441940307617,59.45529556274414,69.11259460449219
2015-08-31,150.6835174560547,33.67727279663086,59.375083923339844,69.08811950683594
2015-09-01,146.08255004882812,32.55058288574219,59.519779205322266,69.11260223388672
2015-09-02,149.02781677246094,33.03033447265625,59.47590637207031,69.12892150878906
2015-09-03,149.1526641845703,33.06667709350586,59.519779205322266,69.12892150878906
2015-09-04,146.8396759033203,32.2670783996582,59.66585159301758,69.13707733154297
2015-09-08,150.60028076171875,33.212059020996094,59.519779205322266,69.11260223388672
2015-09-09,148.57025146484375,33.07394790649414,59.5051155090332,69.09628295898438
2015-09-10,149.40228271484375,33.28474044799805,59.38090515136719,69.1207275390625
2015-09-11,150.02621459960938,33.270206451416016,59.5051155090332,69.14521789550781
2015-09-14,149.46047973632812,33.10301971435547,59.519779205322266,69.12892150878906
2015-09-15,151.40737915039062,33.32109069824219,59.271331787109375,69.0311050415039
2015-09-16,152.73020935058594,33.880802154541016,59.23484420776367,69.02294158935547
2015-09-17,152.3308868408203,33.90987777709961,59.5709114074707,69.1778335571289
2015-09-18,149.86814880371094,33.1175651550293,59.73886489868164,69.2104263305664
2015-09-21,150.6401824951172,33.14662551879883,59.519779205322266,69.16968536376953
2015-09-22,148.67457580566406,32.36885070800781,59.629302978515625,69.2104263305664
2015-09-23,148.4069061279297,32.172584533691406,59.629302978515625,69.18599700927734
2015-09-24,147.9468536376953,32.07809829711914,59.651222229003906,69.2267837524414
2015-09-25,147.84654235839844,32.29289245605469,59.541629791259766,69.19417572021484
2015-09-28,144.1244354248047,31.60611915588379,59.69506072998047,69.2430419921875
2015-09-29,144.19969177246094,31.671876907348633,59.73886489868164,69.27568054199219
2015-09-30,146.96827697753906,32.38055419921875,59.855777740478516,69.29197692871094
2015-10-01,147.37808227539062,32.4536247253418,59.888004302978516,69.29197692871094
2015-10-02,149.5110321044922,33.10386276245117,60.11491775512695,69.38982391357422
2015-10-05,152.19595336914062,33.78333282470703,59.88068389892578,69.34088897705078
2015-10-06,151.68572998046875,33.776023864746094,59.9611930847168,69.332763671875
2015-10-07,152.9570770263672,34.338600158691406,59.9611930847168,69.31645965576172
2015-10-08,154.3036651611328,34.57970428466797,59.866024017333984,69.30013275146484
2015-10-09,154.38735961914062,34.67467498779297,59.85868453979492,69.30013275146484
2015-10-12,154.5713653564453,34.440879821777344,59.9611930847168,69.28380584716797
2015-10-13,153.54257202148438,33.958683013916016,59.99778747558594,69.30828857421875
2015-10-14,152.8232879638672,34.14863586425781,60.217403411865234,69.40616607666016
2015-10-15,155.1150665283203,34.75504684448242,60.10029983520508,69.36536407470703
2015-10-16,155.7423553466797,34.740421295166016,60.078330993652344,69.332763671875
2015-10-19,155.92642211914062,34.50662612915039,60.078330993652344,69.35720825195312
2015-10-20,155.72561645507812,34.48472213745117,59.98320770263672,69.31645965576172
2015-10-21,154.71356201171875,34.32398986816406,60.09296798706055,69.34088897705078
2015-10-22,157.39015197753906,34.835411071777344,60.19544219970703,69.36536407470703
2015-10-23,159.1048126220703,35.09111022949219,60.041683197021484,69.30828857421875
2015-10-26,158.7283935546875,34.901161193847656,60.10758590698242,69.30828857421875
2015-10-27,158.4189453125,34.57970428466797,60.12226486206055,69.332763671875
2015-10-28,160.25906372070312,34.76236343383789,59.953895568847656,69.24303436279297
2015-10-29,160.20054626464844,34.45549392700195,59.741615295410156,69.1941146850586
2015-10-30,159.38917541503906,34.40435791015625,59.873355865478516,69.1941146850586
2015-11-02,161.27951049804688,34.77695846557617,59.755245208740234,69.15410614013672
2015-11-03,161.7897186279297,34.901161193847656,59.652584075927734,69.14595031738281
2015-11-04,161.3296661376953,34.69660568237305,59.6892204284668,69.0725326538086
2015-11-05,161.12892150878906,34.55778121948242,59.57920455932617,69.0725326538086
2015-11-06,161.06199645996094,34.35321044921875,59.3444709777832,69.00719451904297
2015-11-09,159.55648803710938,33.98789978027344,59.293094635009766,68.99089050292969
2015-11-10,159.85760498046875,33.900238037109375,59.35913848876953,69.02355194091797
2015-11-11,159.2470245361328,34.00981140136719,59.36648178100586,69.00719451904297
2015-11-12,157.1141357421875,33.63720703125,59.37383270263672,69.03172302246094
2015-11-13,155.299072265625,33.30842971801758,59.48380661010742,69.0888442993164
2015-11-16,157.68284606933594,33.76871109008789,59.48380661010742,69.0888442993164
2015-11-17,157.490478515625,33.8417854309082,59.54985046386719,69.06433868408203
2015-11-18,160.02490234375,34.155941009521484,59.5204963684082,69.039794921875
2015-11-19,159.9412384033203,34.33129119873047,59.60118103027344,69.02355194091797
2015-11-20,160.53506469726562,34.33129119873047,59.5865592956543,69.02355194091797
2015-11-23,160.35110473632812,34.017127990722656,59.60856628417969,69.01535034179688
2015-11-24,160.61036682128906,34.082889556884766,59.63056182861328,69.01535034179688
2015-11-25,160.5601806640625,34.082889556884766,59.637874603271484,69.02355194091797
2015-11-27,160.7191162109375,33.936771392822266,59.66722106933594,69.039794921875
2015-11-30,160.066650390625,33.95137023925781,59.637874603271484,69.01535034179688
2015-12-01,161.61407470703125,34.30207061767578,59.86354446411133,69.05699920654297
2015-12-02,159.9077606201172,33.92945098876953,59.79002380371094,68.99984741210938
2015-12-03,157.63270568847656,33.776023864746094,59.32694625854492,68.99984741210938
2015-12-04,160.72747802734375,34.05365753173828,59.56218338012695,69.01615142822266
2015-12-07,159.71536254882812,33.702964782714844,59.66510009765625,69.00799560546875
2015-12-08,158.69493103027344,33.1988410949707,59.67979431152344,68.99984741210938
2015-12-09,157.5072021484375,33.10386276245117,59.657737731933594,69.02436828613281
2015-12-10,157.86688232421875,33.05271911621094,59.650394439697266,68.98356628417969
2015-12-11,154.72190856933594,32.3586540222168,59.812103271484375,69.06515502929688
2015-12-14,155.6503143310547,32.475547790527344,59.53278350830078,68.98356628417969
2015-12-15,157.27301025390625,32.73125076293945,59.46661376953125,68.9753646850586
2015-12-16,159.48117065429688,33.3961067199707,59.400447845458984,68.918212890625
2015-12-17,157.15586853027344,32.921226501464844,59.52544021606445,68.918212890625
2015-12-18,154.23680114746094,32.68010711669922,59.657737731933594,69.00799560546875
2015-12-21,155.60159301757812,32.90616226196289,59.59157180786133,68.99984741210938
2015-12-22,157.00672912597656,33.12705993652344,59.5107307434082,68.98356628417969
2015-12-23,158.8914794921875,33.686668395996094,59.51811218261719,68.95903015136719
2015-12-24,158.61380004882812,33.62775421142578,59.56232833862305,68.98600006103516
2015-12-28,158.26885986328125,33.50257873535156,59.56232833862305,68.94515228271484
2015-12-29,160.0357666015625,33.797122955322266,59.378047943115234,68.92882537841797
2015-12-30,158.85781860351562,33.524681091308594,59.414886474609375,68.94515228271484
2015-12-31,157.2843780517578,33.21542739868164,59.53285217285156,68.91248321533203
2016-01-04,155.07992553710938,32.641082763671875,59.50333023071289,69.0023193359375
2016-01-05,155.35755920410156,32.582183837890625,59.57707977294922,68.96147155761719
2016-01-06,153.38861083984375,32.02994155883789,59.84245681762695,69.0023193359375
2016-01-07,149.6527862548828,31.367267608642578,59.84980010986328,69.02685546875
2016-01-08,148.06259155273438,30.999086380004883,59.92353439331055,69.07588195800781
2016-01-11,148.0793914794922,31.065359115600586,59.672874450683594,69.10032653808594
2016-01-12,149.307861328125,31.138994216918945,59.82770538330078,69.1085205078125
2016-01-13,145.65611267089844,30.711936950683594,59.97511291503906,69.14939880371094
2016-01-14,148.0204315185547,31.12427520751953,59.90142822265625,69.16571044921875
2016-01-15,144.84835815429688,29.9240665435791,60.00464630126953,69.222900390625
2016-01-19,145.00823974609375,30.277507781982422,59.93092727661133,69.21472930908203
2016-01-20,143.30857849121094,29.533824920654297,59.99723434448242,69.26375579833984
2016-01-21,144.00689697265625,29.784168243408203,59.96042251586914,69.25556182861328
2016-01-22,146.96031188964844,30.67512321472168,59.93827819824219,69.23106384277344
2016-01-25,144.7810821533203,30.159692764282227,59.93827819824219,69.23106384277344
2016-01-26,146.74154663085938,30.741374969482422,60.02671432495117,69.26375579833984
2016-01-27,145.07553100585938,30.5941219329834,60.02671432495117,69.28003692626953
2016-01-28,145.8665008544922,30.79292106628418,60.07097625732422,69.28003692626953
2016-01-29,149.56028747558594,31.404077529907227,60.24787521362305,69.36175537109375
2016-02-01,149.42564392089844,31.271535873413086,60.12522888183594,69.32501220703125
2016-02-02,146.71630859375,30.557302474975586,60.33209991455078,69.41483306884766
2016-02-03,147.57456970214844,30.947553634643555,60.376434326171875,69.43123626708984
2016-02-04,147.75962829589844,31.09480857849121,60.42075729370117,69.44761657714844
2016-02-05,144.98297119140625,30.67512321472168,60.36163330078125,69.43123626708984
2016-02-08,142.98892211914062,30.130245208740234,60.6202392578125,69.5129623413086
2016-02-09,143.03094482421875,29.717899322509766,60.612796783447266,69.4884033203125
2016-02-10,142.93833923339844,29.710527420043945,60.73839569091797,69.4884033203125
2016-02-11,141.10411071777344,29.25401496887207,60.77531051635742,69.55384826660156
2016-02-12,143.9984893798828,29.7399959564209,60.57587814331055,69.47213745117188
2016-02-16,146.41334533691406,30.358491897583008,60.48725509643555,69.43123626708984
2016-02-17,148.81143188476562,30.947553634643555,60.47246170043945,69.44761657714844
2016-02-18,148.1803436279297,30.815017700195312,60.679283142089844,69.50480651855469
2016-02-19,148.14669799804688,30.704565048217773,60.598026275634766,69.4394302368164
2016-02-22,150.26702880859375,31.05062484741211,60.612796783447266,69.44761657714844
2016-02-23,148.3822784423828,30.586759567260742,60.64976501464844,69.45574951171875
2016-02-24,149.08067321777344,30.51312828063965,60.69407653808594,69.47213745117188
2016-02-25,150.8728790283203,30.829748153686523,60.7827262878418,69.4884033203125
2016-02-26,150.59519958496094,30.741374969482422,60.72361755371094,69.39852905273438
2016-02-29,149.2489471435547,30.630943298339844,60.76056671142578,69.4394302368164
2016-03-01,152.92588806152344,31.499794006347656,60.55701446533203,69.34700775146484
2016-03-02,153.57379150390625,31.80168914794922,60.51996612548828,69.33883666992188
2016-03-03,154.1374969482422,32.14039611816406,60.54957962036133,69.36334991455078
2016-03-04,154.63394165039062,32.47909164428711,60.51996612548828,69.31432342529297
2016-03-07,154.80223083496094,32.43491744995117,60.505149841308594,69.26519012451172
2016-03-08,153.06051635742188,31.985759735107422,60.70502853393555,69.31432342529297
2016-03-09,153.9019317626953,32.21402359008789,60.601417541503906,69.28977966308594
2016-03-10,153.98606872558594,32.15511703491211,60.571807861328125,69.28153991699219
2016-03-11,156.48501586914062,32.979793548583984,60.49037170410156,69.21614074707031
2016-03-14,156.24945068359375,32.80307388305664,60.62358474731445,69.21614074707031
2016-03-15,156.04750061035156,32.443336486816406,60.564414978027344,69.24066162109375
2016-03-16,156.98147583007812,32.88655090332031,60.80125427246094,69.37968444824219
2016-03-17,157.97438049316406,33.241127014160156,60.93452072143555,69.37154388427734
2016-03-18,158.5633544921875,33.18941879272461,60.98630905151367,69.38789367675781
2016-03-21,158.8052215576172,33.226348876953125,60.87527084350586,69.37968444824219
2016-03-22,158.7206268310547,33.15987014770508,60.86048889160156,69.33883666992188
2016-03-23,157.70555114746094,32.73143005371094,60.99372482299805,69.37968444824219
2016-03-24,157.5956268310547,32.554141998291016,60.91969680786133,69.34700775146484
2016-03-28,157.70555114746094,32.76836395263672,60.9493293762207,69.36334991455078
2016-03-29,159.21975708007812,33.1081657409668,61.20101547241211,69.49420166015625
2016-03-30,159.88803100585938,33.44057846069336,61.17877197265625,69.50238037109375
2016-03-31,159.50735473632812,33.182037353515625,61.297183990478516,69.53507995605469
2016-04-01,160.53094482421875,32.84961700439453,61.36619567871094,69.49498748779297
2016-04-04,160.02340698242188,32.709266662597656,61.36619567871094,69.54410552978516
2016-04-05,158.39923095703125,32.140480041503906,61.47749328613281,69.5685806274414
2016-04-06,160.12489318847656,32.63539505004883,61.44780349731445,69.54410552978516
2016-04-07,158.23854064941406,32.133087158203125,61.6480827331543,69.58500671386719
2016-04-08,158.66993713378906,32.79052734375,61.596107482910156,69.58500671386719
2016-04-11,158.2554168701172,32.84961700439453,61.58871841430664,69.57679748535156
2016-04-12,159.7949981689453,33.396240234375,61.4923095703125,69.56044006347656
2016-04-13,161.39378356933594,33.891170501708984,61.529380798339844,69.52774047851562
2016-04-14,161.37686157226562,33.854244232177734,61.47749328613281,69.52774047851562
2016-04-15,161.19923400878906,33.77298355102539,61.618404388427734,69.57679748535156
2016-04-18,162.3666229248047,34.03152847290039,61.596107482910156,69.5685806274414
2016-04-19,162.85720825195312,34.65202331542969,61.633235931396484,69.54410552978516
2016-04-20,162.9925537109375,34.57815933227539,61.46266555786133,69.49498748779297
2016-04-21,162.08746337890625,34.35654830932617,61.388465881347656,69.47865295410156
2016-04-22,162.1297607421875,34.33439254760742,61.36619567871094,69.47865295410156
2016-04-25,161.8675537109375,34.16449737548828,61.29201126098633,69.46223449707031
2016-04-26,162.1044158935547,34.304832458496094,61.202999114990234,69.44589233398438
2016-04-27,162.4427490234375,34.408260345458984,61.388465881347656,69.49498748779297
2016-04-28,160.97927856445312,34.00936508178711,61.49972152709961,69.53593444824219
2016-04-29,160.06568908691406,33.8985595703125,61.54422378540039,69.56044006347656
2016-05-02,161.34303283691406,34.12016677856445,61.435733795166016,69.53506469726562
2016-05-03,159.96417236328125,33.43317413330078,61.60667037963867,69.60871124267578
2016-05-04,159.0252227783203,33.04906463623047,61.628944396972656,69.6005630493164
2016-05-05,159.00827026367188,33.0047492980957,61.74042510986328,69.6251449584961
2016-05-06,159.58349609375,33.09337615966797,61.710697174072266,69.60871124267578
2016-05-09,159.75270080566406,32.91609573364258,61.755279541015625,69.64146423339844
2016-05-10,161.73216247558594,33.455345153808594,61.755279541015625,69.65789794921875
2016-05-11,160.21795654296875,33.23373031616211,61.770164489746094,69.63333892822266
2016-05-12,160.31101989746094,33.23373031616211,61.777587890625,69.5924301147461
2016-05-13,158.8306427001953,32.783138275146484,61.8444709777832,69.6005630493164
2016-05-16,160.4125518798828,33.26329040527344,61.710697174072266,69.56783294677734
2016-05-17,158.99977111816406,33.01213455200195,61.6661376953125,69.5432357788086
2016-05-18,158.9744110107422,32.960426330566406,61.37628173828125,69.4204330444336
2016-05-19,158.45846557617188,32.709266662597656,61.44314193725586,69.43682098388672
2016-05-20,159.44818115234375,32.97519302368164,61.44314193725586,69.46138763427734
2016-05-23,159.2366943359375,32.85700607299805,61.45804977416992,69.45321655273438
2016-05-24,161.25840759277344,33.30021667480469,61.428253173828125,69.40406036376953
2016-05-25,162.3581085205078,33.64741134643555,61.40599822998047,69.44500732421875
2016-05-26,162.4342803955078,33.72866439819336,61.51001739501953,69.48594665527344
2016-05-27,163.06878662109375,33.654788970947266,61.48773193359375,69.44500732421875
2016-05-31,162.87420654296875,33.566139221191406,61.5397834777832,69.47777557373047
2016-06-01,163.17868041992188,33.57353210449219,61.56138229370117,69.42939758300781
2016-06-02,163.66929626464844,33.640010833740234,61.68049621582031,69.48676300048828
2016-06-03,163.19561767578125,33.94288635253906,62.067771911621094,69.60147857666016
2016-06-06,163.98233032226562,34.19403839111328,61.97095489501953,69.58505249023438
2016-06-07,164.27838134765625,34.48212814331055,61.97842788696289,69.60147857666016
2016-06-08,164.81973266601562,34.607704162597656,62.052913665771484,69.61788177490234
2016-06-09,164.5659637451172,34.14971160888672,62.11247634887695,69.63424682617188
2016-06-10,162.9840850830078,33.23373031616211,62.172080993652344,69.67520904541016
2016-06-13,161.75755310058594,32.7609748840332,62.18693923950195,69.69158172607422
2016-06-14,161.40228271484375,32.36990737915039,62.17947006225586,69.69977569580078
2016-06-15,161.1653594970703,32.624141693115234,62.321006774902344,69.78170776367188
2016-06-16,161.68983459472656,32.59422302246094,62.388038635253906,69.74071502685547
2016-06-17,161.0892333984375,32.840980529785156,62.298683166503906,69.74891662597656
2016-06-20,162.12127685546875,33.59620666503906,62.157169342041016,69.70796203613281
2016-06-21,162.5828857421875,33.82052230834961,62.07522964477539,69.65878295898438
2016-06-22,162.3108367919922,33.81305694580078,62.097572326660156,69.68336486816406
2016-06-23,164.4107208251953,34.70286560058594,61.98583984375,69.65878295898438
2016-06-24,158.4171905517578,32.01845932006836,62.33586883544922,69.82266998291016
2016-06-27,155.62017822265625,31.44270133972168,62.648719787597656,69.86363983154297
2016-06-28,158.49365234375,32.227821350097656,62.72319793701172,69.88817596435547
2016-06-29,161.22268676757812,32.86342239379883,62.70082092285156,69.86363983154297
2016-06-30,163.39903259277344,33.25972366333008,62.78276824951172,69.8963851928711
2016-07-01,163.73912048339844,33.34944534301758,62.95736312866211,69.92096710205078
2016-07-05,162.59140014648438,32.773685455322266,63.17377853393555,69.95374298095703
2016-07-06,163.55209350585938,32.706382751464844,63.28569793701172,69.92096710205078
2016-07-07,163.44154357910156,32.5717887878418,63.18123245239258,69.88817596435547
2016-07-08,165.9240264892578,33.13261795043945,63.34539794921875,69.88817596435547
2016-07-11,166.50216674804688,33.5363883972168,63.158836364746094,69.81446838378906
2016-07-12,167.67529296875,33.9999885559082,62.90510177612305,69.78987884521484
2016-07-13,167.61578369140625,33.99251937866211,63.017066955566406,69.80624389648438
2016-07-14,168.5934600830078,34.28412628173828,62.920047760009766,69.76521301269531
2016-07-15,168.33840942382812,34.142059326171875,62.71859359741211,69.7324447631836
2016-07-18,168.82302856445312,34.26170349121094,62.74098205566406,69.7734375
2016-07-19,168.6360321044922,33.947662353515625,62.8380012512207,69.78166198730469
2016-07-20,169.31610107421875,34.216835021972656,62.77083969116211,69.7488021850586
2016-07-21,168.67852783203125,34.18693542480469,62.84538650512695,69.79801940917969
2016-07-22,169.46066284179688,34.2392692565918,62.852928161621094,69.7734375
2016-07-25,169.05258178710938,34.127105712890625,62.81558609008789,69.72421264648438
2016-07-26,169.04408264160156,34.26918029785156,62.808128356933594,69.7324447631836
2016-07-27,168.93353271484375,34.433685302734375,62.994693756103516,69.78166198730469
2016-07-28,169.1205596923828,34.42620086669922,62.95736312866211,69.7734375
2016-07-29,169.41810607910156,34.762691497802734,63.158836364746094,69.86360168457031
2016-08-01,169.22259521484375,34.598175048828125,62.960716247558594,69.83981323242188
2016-08-02,168.1684112548828,34.463592529296875,62.90089416503906,69.81524658203125
2016-08-03,168.65298461914062,34.403778076171875,62.90089416503906,69.82341766357422
2016-08-04,168.8145294189453,34.5907096862793,63.01305389404297,69.87261962890625
2016-08-05,170.17477416992188,34.74773025512695,62.8036994934082,69.77416229248047
2016-08-08,170.08978271484375,34.87485122680664,62.811153411865234,69.74958801269531
2016-08-09,170.2002410888672,35.144039154052734,62.990596771240234,69.79059600830078
2016-08-10,169.7666778564453,35.21133041381836,63.07286834716797,69.82341766357422
2016-08-11,170.59982299804688,35.4954833984375,62.908390045166016,69.75779724121094
2016-08-12,170.42982482910156,35.36835479736328,63.05046081542969,69.80699920654297
2016-08-15,170.9228515625,35.58521270751953,62.9457893371582,69.79059600830078
2016-08-16,170.03875732421875,35.458091735839844,62.91583251953125,69.76599884033203
2016-08-17,170.31932067871094,35.458091735839844,63.01305389404297,69.76599884033203
2016-08-18,170.7273406982422,35.64502716064453,63.08034133911133,69.81524658203125
2016-08-19,170.48928833007812,35.40574264526367,62.953208923339844,69.74958801269531
2016-08-22,170.4723358154297,35.360897064208984,63.042972564697266,69.75779724121094
2016-08-23,170.78692626953125,35.4655647277832,63.07286834716797,69.76599884033203
2016-08-24,169.962158203125,35.38331985473633,63.06536865234375,69.74958801269531
2016-08-25,169.826171875,35.31600570678711,62.998050689697266,69.7249755859375
2016-08-26,169.50314331054688,35.06178665161133,62.84109878540039,69.6593017578125
2016-08-29,170.36183166503906,35.196372985839844,63.057918548583984,69.70039367675781
2016-08-30,170.03875732421875,35.09918212890625,63.00551223754883,69.70858764648438
2016-08-31,169.6221923828125,34.91972351074219,62.960716247558594,69.70039367675781
2016-09-01,169.58815002441406,35.144039154052734,63.0475959777832,69.73314666748047
2016-09-02,170.34478759765625,35.547828674316406,62.95771408081055,69.73314666748047
2016-09-06,170.88038635253906,35.91421890258789,63.14502716064453,69.78244018554688
2016-09-07,170.87185668945312,35.95907974243164,63.152488708496094,69.78244018554688
2016-09-08,170.4723358154297,35.90673828125,62.912811279296875,69.73314666748047
2016-09-09,166.35757446289062,35.106666564941406,62.635589599609375,69.70858764648438
2016-09-12,168.73800659179688,35.39827346801758,62.65805435180664,69.73314666748047
2016-09-13,166.33241271972656,34.52884292602539,62.47825241088867,69.70858764648438
2016-09-14,166.22998046875,34.558929443359375,62.560672760009766,69.74962615966797
2016-09-15,167.9378662109375,34.89738464355469,62.613067626953125,69.80706787109375
2016-09-16,167.28030395507812,34.52884292602539,62.66553497314453,69.77421569824219
2016-09-19,167.33157348632812,34.761985778808594,62.62062454223633,69.75782012939453
2016-09-20,167.34861755371094,34.8672981262207,62.635589599609375,69.7414321899414
2016-09-21,169.22731018066406,35.55170822143555,62.81539535522461,69.75782012939453
2016-09-22,170.24349975585938,35.90518569946289,62.942752838134766,69.7414321899414
2016-09-23,169.32974243164062,35.52914047241211,62.927772521972656,69.78244018554688
2016-09-26,167.98052978515625,35.198211669921875,63.032623291015625,69.82347869873047
2016-09-27,169.00535583496094,35.41633224487305,63.107540130615234,69.83165740966797
2016-09-28,169.9190673828125,35.72468185424805,63.107540130615234,69.82347869873047
2016-09-29,168.32215881347656,35.31854248046875,63.11500930786133,69.84810638427734
2016-09-30,169.67138671875,35.50658416748047,63.032623291015625,69.7906494140625
2016-10-03,169.13336181640625,35.484012603759766,62.96583938598633,69.7816390991211
2016-10-04,168.34774780273438,35.35615539550781,62.755672454833984,69.72412109375
2016-10-05,169.0479736328125,35.611881256103516,62.65060043334961,69.6830825805664
2016-10-06,169.24441528320312,35.461448669433594,62.628074645996094,69.6830825805664
2016-10-07,168.6210174560547,35.23582077026367,62.68061065673828,69.70769500732422
2016-10-10,169.39810180664062,35.39375686645508,62.6130485534668,69.67487335205078
2016-10-11,167.340087890625,34.83720779418945,62.51551055908203,69.66665649414062
2016-10-12,167.5535888671875,34.792083740234375,62.553009033203125,69.66665649414062
2016-10-13,167.01560974121094,34.6491813659668,62.628074645996094,69.6913070678711
2016-10-14,167.0582733154297,34.709354400634766,62.50045394897461,69.67487335205078
2016-10-17,166.56300354003906,34.64166259765625,62.63557052612305,69.73234558105469
2016-10-18,167.54502868652344,35.05531692504883,62.7181510925293,69.7569808959961
2016-10-19,168.0061492919922,35.175655364990234,62.763145446777344,69.7569808959961
2016-10-20,167.73289489746094,35.160614013671875,62.72565460205078,69.72412109375
2016-10-21,167.775634765625,35.115478515625,62.778175354003906,69.74049377441406
2016-10-24,168.45877075195312,35.153076171875,62.6881217956543,69.71590423583984
2016-10-25,167.98052978515625,35.115478515625,62.6881217956543,69.71590423583984
2016-10-26,167.60482788085938,34.91994857788086,62.575557708740234,69.6913070678711
2016-10-27,167.1607666015625,34.83720779418945,62.402915954589844,69.70769500732422
2016-10-28,166.6313018798828,34.79960250854492,62.372867584228516,69.70769500732422
2016-10-31,166.6313018798828,34.82969665527344,62.440425872802734,69.7569808959961
2016-11-01,165.46998596191406,34.69430160522461,62.42018508911133,69.75777435302734
2016-11-02,164.37689208984375,34.400997161865234,62.48029327392578,69.79891967773438
2016-11-03,163.73638916015625,34.37091064453125,62.442691802978516,69.80709075927734
2016-11-04,163.514404296875,34.03997802734375,62.55544662475586,69.83174133300781
2016-11-07,167.10098266601562,34.68679428100586,62.47277069091797,69.80709075927734
2016-11-08,167.86952209472656,34.79960250854492,62.3599967956543,69.73312377929688
2016-11-09,169.6627960205078,34.56644821166992,61.74329376220703,69.642822265625
2016-11-10,170.0556640625,34.34080505371094,61.48004913330078,69.6181411743164
2016-11-11,169.73968505859375,33.987327575683594,61.367252349853516,69.6181411743164
2016-11-14,169.76528930664062,33.77675247192383,61.13414001464844,69.51130676269531
2016-11-15,171.14015197753906,34.107669830322266,61.21685791015625,69.53589630126953
2016-11-16,170.84983825683594,33.75418472290039,61.344703674316406,69.5277328491211
2016-11-17,171.66107177734375,33.96477127075195,61.09650802612305,69.51956176757812
2016-11-18,171.35369873046875,33.678958892822266,60.94612503051758,69.47840118408203
2016-11-21,172.61753845214844,33.979820251464844,60.938594818115234,69.4702377319336
2016-11-22,172.93344116210938,34.14527893066406,60.991207122802734,69.45381927490234
2016-11-23,173.087158203125,33.987327575683594,60.83331298828125,69.41272735595703
2016-11-25,173.7789306640625,34.122718811035156,60.855831146240234,69.40444946289062
2016-11-28,172.9590606689453,33.99485397338867,60.998722076416016,69.4455795288086
2016-11-29,173.2323455810547,34.16032028198242,61.043888092041016,69.45381927490234
2016-11-30,172.83953857421875,34.13023376464844,60.83331298828125,69.42916870117188
2016-12-01,172.16494750976562,34.03997802734375,60.607215881347656,69.39625549316406
2016-12-02,172.28448486328125,34.13023376464844,60.82577896118164,69.47028350830078
2016-12-05,173.2750244140625,34.400997161865234,60.901126861572266,69.47028350830078
2016-12-06,173.88131713867188,34.581485748291016,60.893577575683594,69.45381164550781
2016-12-07,176.08456420898438,35.0778694152832,61.036739349365234,69.47845458984375
2016-12-08,176.54563903808594,35.10044479370117,60.91621017456055,69.47028350830078
2016-12-09,177.62167358398438,35.205726623535156,60.735347747802734,69.4620590209961
2016-12-12,177.42526245117188,35.00266647338867,60.667476654052734,69.43733978271484
2016-12-13,178.63784790039062,35.34864044189453,60.735347747802734,69.42911529541016
2016-12-14,177.1605224609375,34.709354400634766,60.426395416259766,69.29759216308594
2016-12-15,177.81805419921875,34.68679428100586,60.335975646972656,69.26473999023438
2016-12-16,177.51063537597656,34.61908721923828,60.38871383666992,69.29759216308594
2016-12-19,177.91201782226562,34.581485748291016,60.54692459106445,69.33049011230469
2016-12-20,178.5951690673828,34.687686920166016,60.55450439453125,69.33873748779297
2016-12-21,178.10841369628906,34.63458251953125,60.644901275634766,69.37158966064453
2016-12-22,177.88157653808594,34.46771240234375,60.603355407714844,69.38887786865234
2016-12-23,178.03616333007812,34.566322326660156,60.63356399536133,69.38887786865234
2016-12-27,178.47442626953125,34.573917388916016,60.58827209472656,69.35594177246094
2016-12-28,177.06521606445312,34.551143646240234,60.73933792114258,69.38063049316406
2016-12-29,177.0308837890625,34.74079132080078,60.90553283691406,69.45465087890625
2016-12-30,176.4207763671875,34.80146408081055,61.03396224975586,69.4793472290039
2017-01-03,177.64955139160156,35.051780700683594,61.041542053222656,69.42179870605469
2017-01-04,178.69789123535156,35.438636779785156,61.08687973022461,69.43824005126953
2017-01-05,178.56036376953125,35.70411682128906,61.3965950012207,69.48755645751953
2017-01-06,179.2564239501953,35.62826919555664,61.15480422973633,69.4300308227539
2017-01-09,178.68930053710938,35.56000518798828,61.30591583251953,69.48755645751953
2017-01-10,178.66355895996094,35.62068176269531,61.29081726074219,69.4629135131836
2017-01-11,179.17050170898438,35.88616180419922,61.32107162475586,69.49581146240234
2017-01-12,178.77523803710938,35.93925857543945,61.33616256713867,69.52051544189453
2017-01-13,179.12750244140625,36.04545974731445,61.237953186035156,69.48755645751953
2017-01-17,178.49163818359375,35.95444107055664,61.42679977416992,69.53692626953125
2017-01-18,178.86978149414062,35.764808654785156,61.10951232910156,69.47114562988281
2017-01-19,178.2682342529297,35.73446273803711,61.00374984741211,69.44644927978516
2017-01-20,178.84400939941406,35.878578186035156,61.04910659790039,69.48755645751953
2017-01-23,178.4315185546875,36.04545974731445,61.21529006958008,69.55345153808594
2017-01-24,179.5657501220703,36.18958282470703,61.124656677246094,69.51229095458984
2017-01-25,181.0609130859375,36.568851470947266,60.94327926635742,69.49581146240234
2017-01-26,180.92344665527344,36.455074310302734,60.96599197387695,69.50408172607422
2017-01-27,180.66566467285156,36.37163543701172,61.03396224975586,69.53692626953125
2017-01-30,179.5743408203125,36.136478424072266,61.01885986328125,69.53692626953125
2017-01-31,179.5657501220703,36.219913482666016,61.14728927612305,69.55345153808594
2017-02-01,179.59153747558594,36.34128952026367,61.039817810058594,69.52950286865234
2017-02-02,179.66888427734375,36.38679885864258,61.07766342163086,69.55422973632812
2017-02-03,181.0007781982422,36.553672790527344,61.092803955078125,69.52950286865234
2017-02-06,180.6226806640625,36.34128952026367,61.28201675415039,69.60364532470703
2017-02-07,180.66566467285156,36.30336380004883,61.380470275878906,69.58724212646484
2017-02-08,180.89768981933594,36.41714859008789,61.547000885009766,69.6530532836914
2017-02-09,181.92884826660156,36.515750885009766,61.380470275878906,69.59540557861328
2017-02-10,182.6591796875,36.71297073364258,61.365333557128906,69.58724212646484
2017-02-13,183.6302032470703,36.85709762573242,61.297183990478516,69.5707015991211
2017-02-14,184.3949737548828,36.82674789428711,61.16849899291992,69.52129364013672
2017-02-15,185.3315887451172,37.03154754638672,61.07008361816406,69.49657440185547
2017-02-16,185.18548583984375,37.061885833740234,61.18362045288086,69.52950286865234
2017-02-17,185.4690399169922,36.90260696411133,61.32744216918945,69.57891082763672
2017-02-21,186.5603485107422,37.11499786376953,61.31987380981445,69.58724212646484
2017-02-22,186.4744110107422,37.12258529663086,61.35776138305664,69.60364532470703
2017-02-23,186.5775146484375,37.1605110168457,61.4713134765625,69.63652801513672
2017-02-24,186.8009796142578,36.86466598510742,61.69841003417969,69.6694564819336
2017-02-27,187.07594299316406,36.8343391418457,61.5696907043457,69.61184692382812
2017-02-28,186.52601623535156,36.705387115478516,61.5242805480957,69.57891082763672
2017-03-01,189.1725616455078,37.130157470703125,61.27249526977539,69.52458953857422
2017-03-02,188.06411743164062,36.81157684326172,61.15871810913086,69.45040893554688
2017-03-03,188.167236328125,36.993629455566406,61.204227447509766,69.46690368652344
2017-03-06,187.5829620361328,36.90260696411133,61.166263580322266,69.48335266113281
2017-03-07,187.01576232910156,36.81916427612305,61.052520751953125,69.45868682861328
2017-03-08,186.62049865722656,36.59920120239258,60.90838623046875,69.40104675292969
2017-03-09,186.8181610107422,36.64469909667969,60.71876525878906,69.39276885986328
2017-03-10,187.47120666503906,36.98603820800781,60.84013366699219,69.4339370727539
2017-03-13,187.5829620361328,37.19084548950195,60.71876525878906,69.40104675292969
2017-03-14,186.94699096679688,36.932945251464844,60.7111930847168,69.39276885986328
2017-03-15,188.50228881835938,37.53217697143555,61.09044647216797,69.52458953857422
2017-03-16,188.18443298339844,37.75214767456055,60.99940872192383,69.47515106201172
2017-03-17,187.806396484375,37.744564056396484,61.120765686035156,69.50810241699219
2017-03-20,187.64308166503906,37.8204345703125,61.24214553833008,69.5492935180664
2017-03-21,185.24571228027344,37.55493927001953,61.38623809814453,69.58222198486328
2017-03-22,185.62374877929688,37.62321472167969,61.46968460083008,69.59869384765625
2017-03-23,185.43385314941406,37.70665740966797,61.43931198120117,69.59869384765625
2017-03-24,185.3734130859375,37.8436164855957,61.424171447753906,69.59869384765625
2017-03-27,185.07127380371094,37.89688491821289,61.55311965942383,69.62339782714844
2017-03-28,186.4438934326172,38.01864242553711,61.43931198120117,69.5904769897461
2017-03-29,186.7201385498047,38.064308166503906,61.56070327758789,69.6317138671875
2017-03-30,187.22085571289062,37.91210174560547,61.46211242675781,69.61518859863281
2017-03-31,186.7718963623047,37.80557632446289,61.500030517578125,69.62339782714844
2017-04-03,186.53884887695312,37.797969818115234,61.723506927490234,69.68775177001953
2017-04-04,186.64247131347656,37.828407287597656,61.65507125854492,69.66297912597656
2017-04-05,186.07273864746094,37.660987854003906,61.70833206176758,69.66297912597656
2017-04-06,186.5561065673828,37.660987854003906,61.73109436035156,69.67951965332031
2017-04-07,186.39208984375,37.6229362487793,61.59431076049805,69.58877563476562
2017-04-10,186.5215606689453,37.59248733520508,61.65507125854492,69.62174224853516
2017-04-11,186.2885284423828,37.69902801513672,61.85271072387695,69.68775177001953
2017-04-12,185.52020263671875,37.7066535949707,61.99715805053711,69.7372055053711
2017-04-13,184.28567504882812,37.49356460571289,62.08837890625,69.77013397216797
2017-04-17,185.9000244140625,37.797969818115234,62.050392150878906,69.7618408203125
2017-04-18,185.3906707763672,37.53923034667969,62.27082443237305,69.8195571899414
2017-04-19,184.9849090576172,37.37181091308594,62.156795501708984,69.78665924072266
2017-04-20,186.4956817626953,37.71426010131836,62.07319641113281,69.77836608886719
2017-04-21,185.9518585205078,37.69902801513672,62.08837890625,69.81134033203125
2017-04-24,187.9374237060547,38.49806213378906,62.00477981567383,69.7372055053711
2017-04-25,189.0683135986328,38.72635269165039,61.81472396850586,69.67123413085938
2017-04-26,188.93016052246094,38.63504409790039,61.87555694580078,69.69599914550781
2017-04-27,189.076904296875,38.58176803588867,61.92113494873047,69.72069549560547
2017-04-28,188.71435546875,38.58176803588867,61.98955154418945,69.75363159179688
2017-05-01,189.17189025878906,38.756797790527344,61.87374496459961,69.7058334350586
2017-05-02,189.2322998046875,38.98508834838867,61.980430603027344,69.73060607910156
2017-05-03,189.04238891601562,38.87095260620117,61.9118537902832,69.68104553222656
2017-05-04,189.21505737304688,38.96987533569336,61.84326934814453,69.67279052734375
2017-05-05,189.9747772216797,39.34275436401367,61.88138198852539,69.69757843017578
2017-05-08,189.9833984375,39.13727951049805,61.77474594116211,69.66453552246094
2017-05-09,189.74166870117188,39.11445999145508,61.74429702758789,69.63154602050781
2017-05-10,190.09559631347656,39.243831634521484,61.73664474487305,69.64807891845703
2017-05-11,189.70713806152344,39.160118103027344,61.782371520996094,69.65631103515625
2017-05-12,189.41358947753906,39.365570068359375,61.96521759033203,69.73883819580078
2017-05-15,190.371826171875,39.63954544067383,61.94993209838867,69.73060607910156
2017-05-16,190.3373565673828,39.79174041748047,62.0108642578125,69.73060607910156
2017-05-17,186.96188354492188,39.26666259765625,62.346031188964844,69.80477905273438
2017-05-18,187.64385986328125,39.17533874511719,62.292720794677734,69.77182006835938
2017-05-19,188.80929565429688,39.71564483642578,62.33080291748047,69.788330078125
2017-05-22,189.8625030517578,39.768917083740234,62.277462005615234,69.76355743408203
2017-05-23,190.2337188720703,39.768917083740234,62.14799118041992,69.73883819580078
2017-05-24,190.69129943847656,39.84501266479492,62.277462005615234,69.78001403808594
2017-05-25,191.5804901123047,39.86021423339844,62.277462005615234,69.78001403808594
2017-05-26,191.589111328125,39.822174072265625,62.307979583740234,69.77182006835938
2017-05-30,191.40782165527344,39.73846435546875,62.39932632446289,69.79656219482422
2017-05-31,191.36463928222656,39.723243713378906,62.4298095703125,69.80477905273438
2017-06-01,192.8580780029297,40.02001953125,62.44661331176758,69.79161834716797
2017-06-02,193.46243286132812,40.36247253417969,62.652713775634766,69.84114837646484
2017-06-05,193.3328857421875,40.20265579223633,62.553497314453125,69.78338623046875
2017-06-06,192.78038024902344,40.11896896362305,62.667972564697266,69.80806732177734
2017-06-07,193.0998077392578,40.13417053222656,62.5839958190918,69.78338623046875
2017-06-08,193.1688690185547,40.09612274169922,62.53815841674805,69.76681518554688
2017-06-09,192.94442749023438,39.91348648071289,62.48479080200195,69.74207305908203
2017-06-12,192.8667449951172,39.77650833129883,62.46950149536133,69.7337875366211
2017-06-13,193.80775451660156,40.10374069213867,62.48479080200195,69.7337875366211
2017-06-14,193.60052490234375,40.050472259521484,62.7137565612793,69.76681518554688
2017-06-15,193.21209716796875,39.65475845336914,62.645057678222656,69.74207305908203
2017-06-16,193.26388549804688,39.93632888793945,62.7137565612793,69.77508544921875
2017-06-19,194.8436737060547,40.111351013183594,62.62217712402344,69.7337875366211
2017-06-20,193.5659942626953,39.723243713378906,62.7137565612793,69.74207305908203
2017-06-21,193.4883270263672,39.65863800048828,62.744300842285156,69.75035095214844
2017-06-22,193.37608337402344,39.797096252441406,62.76720428466797,69.75859832763672
2017-06-23,193.7056121826172,39.89707565307617,62.782466888427734,69.79991149902344
2017-06-26,193.76634216308594,40.012451171875,62.851165771484375,69.79991149902344
2017-06-27,192.2227325439453,39.920162200927734,62.637451171875,69.75859832763672
2017-06-28,193.92245483398438,40.30473709106445,62.637451171875,69.79161834716797
2017-06-29,192.248779296875,39.88938522338867,62.50768280029297,69.75035095214844
2017-06-30,192.5696258544922,39.973995208740234,62.46187210083008,69.75035095214844
2017-07-03,192.99453735351562,40.004764556884766,62.46878433227539,69.69828033447266
2017-07-05,193.3326873779297,39.973995208740234,62.50713348388672,69.72306060791016
2017-07-06,191.5983428955078,39.73555374145508,62.36145782470703,69.73957061767578
2017-07-07,192.81239318847656,39.781715393066406,62.34613800048828,69.73133087158203
2017-07-10,193.01187133789062,39.90476608276367,62.3768310546875,69.76435089111328
2017-07-11,192.864501953125,40.043216705322266,62.43817901611328,69.78910827636719
2017-07-12,194.31268310546875,40.42780685424805,62.583736419677734,69.82218933105469
2017-07-13,194.6421661376953,40.58164978027344,62.560760498046875,69.78910827636719
2017-07-14,195.52671813964844,40.94315719604492,62.583736419677734,69.82218933105469
2017-07-17,195.55274963378906,40.7893180847168,62.66802978515625,69.83042907714844
2017-07-18,195.7001495361328,40.897003173828125,62.8137321472168,69.84699249267578
2017-07-19,196.7321319580078,41.11237716674805,62.821380615234375,69.84699249267578
2017-07-20,196.79283142089844,41.266212463378906,62.85970687866211,69.84699249267578
2017-07-21,196.65408325195312,41.08929443359375,62.92867660522461,69.88003540039062
2017-07-24,196.584716796875,41.08929443359375,62.898006439208984,69.85527038574219
2017-07-25,197.05299377441406,41.135459899902344,62.66040802001953,69.8139419555664
2017-07-26,197.1137237548828,41.358516693115234,62.8137321472168,69.86347198486328
2017-07-27,196.8795928955078,41.243133544921875,62.73703384399414,69.84699249267578
2017-07-28,196.65408325195312,41.243133544921875,62.852046966552734,69.88827514648438
2017-07-31,196.54132080078125,41.32004928588867,62.84434127807617,69.88003540039062
2017-08-01,196.98361206054688,41.58156967163086,63.09986114501953,69.90563201904297
2017-08-02,197.09637451171875,41.573875427246094,63.06142044067383,69.87255859375
2017-08-03,196.74945068359375,41.50465774536133,63.192264556884766,69.89743041992188
2017-08-04,197.07907104492188,41.58156967163086,63.0921630859375,69.87255859375
2017-08-07,197.39984130859375,41.62772750854492,63.11531448364258,69.89743041992188
2017-08-08,197.00962829589844,41.473880767822266,63.0306396484375,69.89743041992188
2017-08-09,196.8969268798828,41.35081481933594,63.07682418823242,69.88915252685547
2017-08-10,194.1912841796875,40.6893310546875,63.16913986206055,69.91393280029297
2017-08-11,194.45143127441406,40.69702911376953,63.22307205200195,70.00489044189453
2017-08-14,196.35923767089844,41.00468444824219,63.176876068115234,69.94698333740234
2017-08-15,196.37661743164062,40.92008972167969,63.06910705566406,69.91393280029297
2017-08-16,196.6887664794922,41.220062255859375,63.161460876464844,69.95526885986328
2017-08-17,193.6275634765625,40.720096588134766,63.276920318603516,69.97181701660156
2017-08-18,193.27200317382812,40.85854721069336,63.246124267578125,69.96356964111328
2017-08-21,193.50619506835938,40.94315719604492,63.276920318603516,69.9800796508789
2017-08-22,195.46603393554688,41.104698181152344,63.1999397277832,69.97181701660156
2017-08-23,194.79830932617188,41.17390823364258,63.38469314575195,70.03799438476562
2017-08-24,194.34735107421875,41.181610107421875,63.29233169555664,69.97181701660156
2017-08-25,194.77232360839844,41.4431266784668,63.36931610107422,69.9966049194336
2017-08-28,194.8416290283203,41.420040130615234,63.40010452270508,69.97181701660156
2017-08-29,194.98904418945312,41.25083541870117,63.4693717956543,70.00489044189453
2017-08-30,195.96031188964844,41.22774887084961,63.46168518066406,70.02142333984375
2017-08-31,197.1137237548828,41.543113708496094,63.51552200317383,70.02142333984375
2017-09-01,197.45191955566406,41.65850067138672,63.41062927246094,70.00651550292969
2017-09-05,195.9950408935547,41.3431282043457,63.672882080078125,70.07274627685547
2017-09-06,196.6800994873047,41.63542175292969,63.56491470336914,70.064453125
2017-09-07,196.6367645263672,41.950782775878906,63.765445709228516,70.10579681396484
2017-09-08,196.33319091796875,41.912322998046875,63.696044921875,70.08928680419922
2017-09-11,198.47520446777344,42.273841857910156,63.50321960449219,70.02308654785156
2017-09-12,199.20362854003906,42.29692077636719,63.41062927246094,69.989990234375
2017-09-13,199.3250732421875,42.1046028137207,63.3334846496582,69.97342681884766
2017-09-14,199.2556915283203,42.19691848754883,63.372047424316406,69.98171997070312
2017-09-15,199.533203125,42.304595947265625,63.379764556884766,69.97342681884766
2017-09-18,199.8800506591797,42.37383270263672,63.3334846496582,69.9320068359375
2017-09-19,200.1228790283203,42.51996612548828,63.28723907470703,69.94031524658203
2017-09-20,200.23268127441406,42.448822021484375,63.23318862915039,69.88240814208984
2017-09-21,199.6661376953125,42.37147903442383,63.21782684326172,69.86585235595703
2017-09-22,199.63995361328125,42.410160064697266,63.279502868652344,69.88240814208984
2017-09-25,199.34364318847656,42.13948440551758,63.4183235168457,69.92373657226562
2017-09-26,199.41334533691406,42.02348709106445,63.387516021728516,69.90721893310547
2017-09-27,200.1891326904297,41.984806060791016,63.19466781616211,69.89891815185547
2017-09-28,200.42445373535156,42.08535385131836,63.210113525390625,69.90721893310547
2017-09-29,201.13916015625,42.325077056884766,63.21782684326172,69.89067077636719
2017-10-02,201.9846954345703,42.325077056884766,63.19307327270508,69.94286346435547
2017-10-03,202.39437866210938,42.5648193359375,63.22401428222656,69.90140533447266
2017-10-04,202.67327880859375,42.53388214111328,63.22401428222656,70.03397369384766
2017-10-05,203.87611389160156,42.54934310913086,63.177616119384766,69.88488006591797
2017-10-06,203.68438720703125,42.49521255493164,63.108062744140625,69.85999298095703
2017-10-09,203.3270263671875,42.48749542236328,63.16990280151367,69.85999298095703
2017-10-10,203.8412628173828,42.85868835449219,63.20077896118164,69.87660217285156
2017-10-11,204.17251586914062,43.05202865600586,63.231727600097656,69.86832427978516
2017-10-12,203.8587188720703,43.01336669921875,63.285831451416016,69.85999298095703
2017-10-13,204.08531188964844,43.29949951171875,63.4172248840332,69.90140533447266
2017-10-16,204.40782165527344,43.25309371948242,63.35533905029297,69.83521270751953
2017-10-17,204.53858947753906,43.137081146240234,63.36309051513672,69.84346771240234
2017-10-18,204.7216033935547,43.2453498840332,63.26264953613281,69.81859588623047
2017-10-19,204.82623291015625,43.06748580932617,63.293556213378906,69.85999298095703
2017-10-20,205.8460693359375,43.04429626464844,63.13895034790039,69.81859588623047
2017-10-23,205.09646606445312,42.928279876708984,63.19307327270508,69.81859588623047
2017-10-24,205.38406372070312,43.00562286376953,63.08489227294922,69.80204010009766
2017-10-25,204.3990936279297,42.85095977783203,63.0307731628418,69.78549194335938
2017-10-26,204.59088134765625,42.789093017578125,62.95347213745117,69.78549194335938
2017-10-27,206.33416748046875,42.959228515625,63.09260940551758,69.83521270751953
2017-10-30,205.58453369140625,42.98242950439453,63.239479064941406,69.86832427978516
2017-10-31,205.81993103027344,43.18349838256836,63.20077896118164,69.82684326171875
2017-11-01,206.17727661132812,43.32270050048828,63.24187469482422,69.81694030761719
2017-11-02,206.2644500732422,43.415496826171875,63.3038444519043,69.8334732055664
2017-11-03,206.95303344726562,43.330421447753906,63.35801315307617,69.79206848144531
2017-11-06,207.26678466796875,43.47736358642578,63.40449142456055,69.8334732055664
2017-11-07,207.1796417236328,43.31496047973633,63.427738189697266,69.80036926269531
2017-11-08,207.48471069335938,43.47736358642578,63.38127517700195,69.79206848144531
2017-11-09,206.735107421875,43.21442413330078,63.31931686401367,69.78377532958984
2017-11-10,206.61309814453125,43.098426818847656,63.06368637084961,69.75890350341797
2017-11-13,206.85716247558594,42.905094146728516,63.071449279785156,69.75061798095703
2017-11-14,206.35159301757812,42.85868835449219,63.14890670776367,69.7672119140625
2017-11-15,205.29696655273438,42.618961334228516,63.29610824584961,69.7423095703125
2017-11-16,207.0488739013672,43.10615921020508,63.21089172363281,69.75061798095703
2017-11-17,206.4910430908203,43.06748580932617,63.2728385925293,69.70914459228516
2017-11-20,206.76126098632812,43.137081146240234,63.234100341796875,69.68426513671875
2017-11-21,208.13844299316406,43.48508834838867,63.288330078125,69.66771697998047
2017-11-22,207.99026489257812,43.60884475708008,63.42002868652344,69.72571563720703
2017-11-24,208.42608642578125,43.84083557128906,63.40449142456055,69.72571563720703
2017-11-27,208.3650665283203,43.51603317260742,63.38127517700195,69.72571563720703
2017-11-28,210.43089294433594,43.77897262573242,63.38127517700195,69.73400115966797
2017-11-29,210.35244750976562,43.47736358642578,63.22636795043945,69.71741485595703
2017-11-30,212.11314392089844,43.454166412353516,63.1334228515625,69.67601013183594
2017-12-01,211.72084045410156,43.38456726074219,63.30257797241211,69.69181060791016
2017-12-04,211.49427795410156,43.229896545410156,63.31037902832031,69.6502456665039
2017-12-05,210.74462890625,43.168025970458984,63.388004302978516,69.64197540283203
2017-12-06,210.7359619140625,42.92055892944336,63.45783615112305,69.67514038085938
2017-12-07,211.4332733154297,43.02882385253906,63.37251281738281,69.68347930908203
2017-12-08,212.58377075195312,43.2917594909668,63.349185943603516,69.68347930908203
2017-12-11,213.27236938476562,43.38456726074219,63.30257797241211,69.6502456665039
2017-12-12,213.63848876953125,43.36909484863281,63.29484939575195,69.6502456665039
2017-12-13,213.586181640625,43.60884475708008,63.473384857177734,69.72493743896484
2017-12-14,212.74070739746094,43.40776443481445,63.496639251708984,69.70003509521484
2017-12-15,214.52755737304688,43.38456726074219,63.50444793701172,69.66688537597656
2017-12-18,215.86119079589844,43.8795051574707,63.40348815917969,69.66688537597656
2017-12-19,215.07669067382812,43.748043060302734,63.2094841003418,69.6336669921875
2017-12-20,214.91107177734375,43.74029541015625,63.08529281616211,69.64197540283203
2017-12-21,215.34689331054688,43.958133697509766,63.124080657958984,69.63697814941406
2017-12-22,215.3033447265625,44.09088134765625,63.15512466430664,69.612060546875
2017-12-26,215.0528106689453,44.114295959472656,63.218170166015625,69.60377502441406
2017-12-27,215.17547607421875,44.1923713684082,63.41274642944336,69.63697814941406
2017-12-28,215.57830810546875,44.27045440673828,63.37382125854492,69.64530181884766
2017-12-29,214.8338623046875,44.356346130371094,63.4749755859375,69.66190338134766
2018-01-02,216.41036987304688,44.8013916015625,63.2960205078125,69.63697814941406
2018-01-03,217.6978759765625,45.11369323730469,63.35044860839844,69.63697814941406
2018-01-04,218.65248107910156,45.48847579956055,63.31931686401367,69.60377502441406
2018-01-05,220.0538787841797,45.79298400878906,63.233760833740234,69.60377502441406
2018-01-08,220.5093231201172,45.769569396972656,63.241512298583984,69.60377502441406
2018-01-09,220.9734649658203,45.808597564697266,63.054779052734375,69.57881927490234
2018-01-10,220.5968475341797,45.65244674682617,63.062557220458984,69.60377502441406
2018-01-11,222.22593688964844,45.94132614135742,63.062557220458984,69.57881927490234
2018-01-12,223.6973114013672,46.38637924194336,63.054779052734375,69.57051849365234
2018-01-16,222.8827667236328,46.33952331542969,63.10143280029297,69.5622329711914
2018-01-17,225.03732299804688,46.65965270996094,63.03143310546875,69.53727722167969
2018-01-18,224.7307891845703,46.60498809814453,62.90689468383789,69.52067565917969
2018-01-19,225.6854705810547,46.81581497192383,62.77459716796875,69.54560089111328
2018-01-22,227.49847412109375,47.07346725463867,62.72792434692383,69.51237487792969
2018-01-23,228.01522827148438,47.2608528137207,62.891361236572266,69.55392456054688
2018-01-24,227.90133666992188,47.4638671875,62.82132339477539,69.53727722167969
2018-01-25,228.00645446777344,47.29209518432617,62.99250411987305,69.52067565917969
2018-01-26,230.66024780273438,47.76055145263672,62.87577438354492,69.47911834716797
2018-01-29,229.0662078857422,47.2686653137207,62.790199279785156,69.45423126220703
2018-01-30,226.6226348876953,46.82362747192383,62.673484802246094,69.46253204345703
2018-01-31,226.8328094482422,46.893890380859375,62.689002990722656,69.46253204345703
2018-02-01,226.6051025390625,46.85485076904297,62.51509475708008,69.4342269897461
2018-02-02,221.7529754638672,45.832027435302734,62.327945709228516,69.44254302978516
2018-02-05,212.644287109375,43.98937225341797,62.60090255737305,69.56729125976562
2018-02-06,216.57676696777344,45.051239013671875,62.39811706542969,69.51739501953125
2018-02-07,215.3944549560547,44.239227294921875,62.25773239135742,69.46751403808594
2018-02-08,207.38922119140625,43.02119445800781,62.210933685302734,69.47584533691406
2018-02-09,210.5861053466797,43.427215576171875,62.055030822753906,69.53406524658203
2018-02-12,213.4763641357422,44.036224365234375,62.070552825927734,69.50074768066406
2018-02-13,214.19448852539062,44.036224365234375,62.12519836425781,69.50074768066406
2018-02-14,216.9971466064453,44.824806213378906,61.92240524291992,69.40097045898438
2018-02-15,219.80859375,45.22300720214844,61.984825134277344,69.37601470947266
2018-02-16,219.78237915039062,45.28547286987305,62.117374420166016,69.39266204833984
2018-02-20,218.4510498046875,44.793575286865234,62.055030822753906,69.38435363769531
2018-02-21,217.3037109375,44.68426513671875,61.820987701416016,69.39266204833984
2018-02-22,217.56649780273438,44.88727569580078,61.899024963378906,69.40097045898438
2018-02-23,221.139892578125,45.37915802001953,62.06277084350586,69.41756439208984
2018-02-26,223.6885223388672,45.722713470458984,62.09395980834961,69.42587280273438
2018-02-27,220.83334350585938,44.94194030761719,61.96137237548828,69.37601470947266
2018-02-28,218.3810272216797,44.43441390991211,62.03942108154297,69.39266204833984
2018-03-01,215.49949645996094,43.9737548828125,62.14488220214844,69.48922729492188
2018-03-02,216.6468505859375,44.098690032958984,62.02766036987305,69.45594787597656
2018-03-05,219.13426208496094,44.27826690673828,61.988563537597656,69.45594787597656
2018-03-06,219.68600463867188,44.61400604248047,62.01202392578125,69.43927764892578
2018-03-07,219.5896759033203,44.5671501159668,61.99644470214844,69.43927764892578
2018-03-08,220.6144256591797,44.66085433959961,62.0667610168457,69.45594787597656
2018-03-09,224.43304443359375,45.08246612548828,61.988563537597656,69.42264556884766
2018-03-12,224.21408081054688,45.160552978515625,62.05112075805664,69.45594787597656
2018-03-13,222.7339324951172,44.840423583984375,62.0667610168457,69.47257995605469
2018-03-14,221.56033325195312,44.95755386352539,62.19956970214844,69.4642562866211
2018-03-15,221.35009765625,44.89507293701172,62.20738983154297,69.47257995605469
2018-03-16,221.5777587890625,44.809200286865234,62.15269470214844,69.43927764892578
2018-03-19,218.61749267578125,44.418800354003906,62.10582733154297,69.43927764892578
2018-03-20,219.00286865234375,44.55934524536133,62.02766036987305,69.41432189941406
2018-03-21,218.49485778808594,44.68426513671875,62.02766036987305,69.4642562866211
2018-03-22,213.06471252441406,43.716102600097656,62.12924575805664,69.49754333496094
2018-03-23,208.52786254882812,43.216392517089844,62.14488220214844,69.51416778564453
2018-03-26,214.26792907714844,44.10251998901367,62.10582733154297,69.48090362548828
2018-03-27,210.55503845214844,43.62501907348633,62.316795349121094,69.53082275390625
2018-03-28,209.9654998779297,43.77374267578125,62.308998107910156,69.53919982910156
2018-03-29,212.99215698242188,44.26689910888672,62.46529006958008,69.56414794921875
2018-04-02,208.06507873535156,43.57804870605469,62.45746612548828,69.58416748046875
2018-04-03,210.70458984375,43.985103607177734,62.386962890625,69.55079650878906
2018-04-04,213.13296508789062,44.0555534362793,62.386962890625,69.50917053222656
2018-04-05,214.6726531982422,44.34518051147461,62.3007698059082,69.52580261230469
2018-04-06,209.94790649414062,43.88334274291992,62.45746612548828,69.58416748046875
2018-04-09,210.8013153076172,44.212120056152344,62.520179748535156,69.57582092285156
2018-04-10,214.2767333984375,44.736595153808594,62.41047668457031,69.54248809814453
2018-04-11,213.1417236328125,44.60350036621094,62.45746612548828,69.54248809814453
2018-04-12,214.9278564453125,44.72875213623047,62.33998107910156,69.50079345703125
2018-04-13,214.32955932617188,44.658294677734375,62.386962890625,69.484130859375
2018-04-16,216.07159423828125,44.7443962097168,62.39482116699219,69.47583770751953
2018-04-17,218.39437866210938,44.94012451171875,62.41828918457031,69.47583770751953
2018-04-18,218.51760864257812,45.198429107666016,62.21458435058594,69.41744995117188
2018-04-19,217.32098388671875,45.00273513793945,62.06574249267578,69.41744995117188
2018-04-20,215.56129455566406,44.7209358215332,61.90906524658203,69.39244842529297
2018-04-23,215.4645233154297,44.587852478027344,61.877723693847656,69.38412475585938
2018-04-24,212.52584838867188,44.39999008178711,61.768035888671875,69.40079498291016
2018-04-25,213.0713348388672,44.25907897949219,61.68186569213867,69.39244842529297
2018-04-26,215.2621612548828,44.580020904541016,61.807193756103516,69.40911865234375
2018-04-27,215.49090576171875,44.689613342285156,61.90120315551758,69.42575073242188
2018-04-30,213.731201171875,44.470436096191406,61.932594299316406,69.40079498291016
2018-05-01,214.18878173828125,44.36867141723633,61.836769104003906,69.369873046875
2018-05-02,212.7281951904297,44.25125503540039,61.8446044921875,69.39496612548828
2018-05-03,212.2266845703125,44.34518051147461,61.899574279785156,69.44505310058594
2018-05-04,215.04220581054688,44.478248596191406,61.938819885253906,69.42000579833984
2018-05-07,215.71092224121094,44.40781021118164,61.907440185546875,69.42000579833984
2018-05-08,215.7021026611328,44.52523422241211,61.86030578613281,69.42831420898438
2018-05-09,217.796142578125,44.57218933105469,61.78965759277344,69.39496612548828
2018-05-10,219.8373260498047,45.03403854370117,61.91529083251953,69.39496612548828
2018-05-11,220.37405395507812,45.08883285522461,61.978111267089844,69.39496612548828
2018-05-14,220.62039184570312,45.13580322265625,61.899574279785156,69.39496612548828
2018-05-15,219.10704040527344,44.713104248046875,61.609046936035156,69.35325622558594
2018-05-16,220.03965759277344,44.93227767944336,61.561920166015625,69.35325622558594
2018-05-17,219.85491943359375,44.830509185791016,61.50694274902344,69.369873046875
2018-05-18,219.30943298339844,44.63481521606445,61.671875,69.40330505371094
2018-05-21,220.91954040527344,44.93227767944336,61.671875,69.40330505371094
2018-05-22,220.2860870361328,44.91663360595703,61.68754196166992,69.40330505371094
2018-05-23,220.97232055664062,44.53305435180664,61.87603759765625,69.46171569824219
2018-05-24,220.55003356933594,44.37649154663086,62.001686096191406,69.50343322753906
2018-05-25,219.9957275390625,44.212120056152344,62.1351432800293,69.56185150146484
2018-05-29,217.45298767089844,43.34320068359375,62.5670166015625,69.76212310791016
2018-05-30,220.32127380371094,43.906822204589844,62.378536224365234,69.67861938476562
2018-05-31,218.89593505859375,43.742427825927734,62.355018615722656,69.64529418945312
2018-06-01,221.2010955810547,44.14167022705078,62.393653869628906,69.591796875
2018-06-04,222.17774963378906,44.30604553222656,62.25957489013672,69.5333023071289
2018-06-05,222.4856719970703,44.212120056152344,62.314762115478516,69.5750961303711
2018-06-06,224.26292419433594,44.666141510009766,62.141204833984375,69.55003356933594
2018-06-07,224.15737915039062,44.31386947631836,62.29903030395508,69.61687469482422
2018-06-08,224.86123657226562,44.37649154663086,62.22010803222656,69.60015106201172
2018-06-11,225.151611328125,44.57218933105469,62.16489028930664,69.5750961303711
2018-06-12,225.52993774414062,44.38431167602539,62.15700912475586,69.54170989990234
2018-06-13,224.63246154785156,44.35301208496094,62.11753463745117,69.50826263427734
2018-06-14,225.2835693359375,44.188629150390625,62.251651763916016,69.5333023071289
2018-06-15,225.08999633789062,43.89116287231445,62.25957489013672,69.56673431396484
2018-06-18,224.5532684326172,43.54673385620117,62.25957489013672,69.58346557617188
2018-06-19,223.6998291015625,43.092716217041016,62.362117767333984,69.6085205078125
2018-06-20,224.1045684814453,43.21795654296875,62.22010803222656,69.5750961303711
2018-06-21,222.70559692382812,42.81873321533203,62.251651763916016,69.61687469482422
2018-06-22,223.10157775878906,43.27220916748047,62.29115295410156,69.6252670288086
2018-06-25,220.0133056640625,42.67867660522461,62.28322982788086,69.65030670166016
2018-06-26,220.49722290039062,42.73405456542969,62.385780334472656,69.65030670166016
2018-06-27,218.66714477539062,42.20383834838867,62.53568649291992,69.69210052490234
2018-06-28,219.99928283691406,42.41750717163086,62.48830032348633,69.69210052490234
2018-06-29,220.55618286132812,42.813194274902344,62.472564697265625,69.67537689208984
2018-07-02,220.8125457763672,42.362117767333984,62.43385314941406,69.66700744628906
2018-07-03,219.91969299316406,42.45707702636719,62.560340881347656,69.692138671875
2018-07-05,221.8025665283203,42.73405456542969,62.647335052490234,69.68376159667969
2018-07-06,223.65000915527344,42.963558197021484,62.71848678588867,69.70048522949219
2018-07-09,225.6300506591797,43.42255783081055,62.66313171386719,69.65867614746094
2018-07-10,226.41685485839844,43.42255783081055,62.62359619140625,69.6502914428711
2018-07-11,224.86985778808594,42.710323333740234,62.65522003173828,69.67538452148438
2018-07-12,226.79690551757812,43.0743522644043,62.702632904052734,69.66700744628906
2018-07-13,226.9913787841797,43.208885192871094,62.758033752441406,69.68376159667969
2018-07-16,226.8499298095703,43.12183380126953,62.6710319519043,69.66700744628906
2018-07-17,227.82232666015625,43.264278411865234,62.647335052490234,69.65867614746094
2018-07-18,228.23776245117188,43.2563591003418,62.61567687988281,69.6502914428711
2018-07-19,227.37144470214844,43.03478240966797,62.73423767089844,69.68376159667969
2018-07-20,227.15933227539062,43.367156982421875,62.59196853637695,69.68376159667969
2018-07-23,227.59246826171875,43.22470474243164,62.394256591796875,69.64189910888672
2018-07-24,228.66201782226562,43.54918670654297,62.489158630371094,69.6502914428711
2018-07-25,230.75701904296875,44.00025939941406,62.489158630371094,69.62516784667969
2018-07-26,230.076416015625,43.77077102661133,62.489158630371094,69.62516784667969
2018-07-27,228.58248901367188,43.834068298339844,62.473350524902344,69.6335678100586
2018-07-30,227.2654266357422,43.85780715942383,62.40220642089844,69.6335678100586
2018-07-31,228.4145050048828,43.905296325683594,62.44964599609375,69.6335678100586
2018-08-01,228.1316680908203,43.70745086669922,62.415531158447266,69.64024353027344
2018-08-02,229.2896728515625,43.37507629394531,62.4472541809082,69.68215942382812
2018-08-03,230.4123077392578,43.477943420410156,62.582027435302734,69.69059753417969
2018-08-06,231.27862548828125,43.28800964355469,62.63748550415039,69.70731353759766
2018-08-07,231.92385864257812,43.53335189819336,62.52650451660156,69.68215942382812
2018-08-08,231.80010986328125,43.54125213623047,62.51063919067383,69.69059753417969
2018-08-09,231.50840759277344,43.42255783081055,62.62956237792969,69.7324447631836
2018-08-10,229.9349365234375,42.59954071044922,62.75635528564453,69.79954528808594
2018-08-13,229.06869506835938,42.27507019042969,62.764312744140625,69.78278350830078
2018-08-14,230.54490661621094,42.35419845581055,62.72465515136719,69.78278350830078
2018-08-15,228.84767150878906,41.66571807861328,62.79600143432617,69.81633758544922
2018-08-16,230.70396423339844,41.911033630371094,62.82770538330078,69.79954528808594
2018-08-17,231.4730224609375,42.188011169433594,62.89899826049805,69.82471466064453
2018-08-20,231.98577880859375,42.37793731689453,62.978275299072266,69.86663055419922
2018-08-21,232.4896240234375,42.68658447265625,62.946571350097656,69.84983825683594
2018-08-22,232.4188690185547,42.908164978027344,62.98616409301758,69.86663055419922
2018-08-23,232.08291625976562,42.50456237792969,62.98616409301758,69.85824584960938
2018-08-24,233.54148864746094,42.900245666503906,63.01789474487305,69.86663055419922
2018-08-27,235.3006134033203,43.46211624145508,62.93864059448242,69.8414535522461
2018-08-28,235.4331512451172,43.38298797607422,62.84356689453125,69.81633758544922
2018-08-29,236.72378540039062,43.58081817626953,62.80393981933594,69.80792236328125
2018-08-30,235.76022338867188,43.03478240966797,62.851436614990234,69.85824584960938
2018-08-31,235.76907348632812,42.8527717590332,62.867340087890625,69.875
2018-09-04,235.4420166015625,42.33837127685547,62.77040481567383,69.85906219482422
2018-09-05,234.779052734375,41.950599670410156,62.78627395629883,69.85906219482422
2018-09-06,234.0895233154297,41.86355972290039,62.88161849975586,69.88426971435547
2018-09-07,233.5238494873047,41.56282043457031,62.683006286621094,69.80862426757812
2018-09-10,233.96580505371094,41.61030578613281,62.72269821166992,69.81706237792969
2018-09-11,234.84974670410156,41.673614501953125,62.58766555786133,69.77509307861328
2018-09-12,234.8762664794922,41.83189392089844,62.63534164428711,69.77509307861328
2018-09-13,236.21104431152344,42.20383834838867,62.67504119873047,69.78343963623047
2018-09-14,236.33480834960938,42.1959228515625,62.571754455566406,69.75827026367188
2018-09-17,235.0,42.16427230834961,62.56383514404297,69.74147033691406
2018-09-18,236.2816925048828,42.591609954833984,62.420841217041016,69.73307800292969
2018-09-19,236.54690551757812,42.83694839477539,62.32548141479492,69.71627044677734
2018-09-20,238.4474334716797,43.28010559082031,62.404930114746094,69.74147033691406
2018-09-21,238.2794952392578,43.30385208129883,62.444637298583984,69.72470092773438
2018-09-24,237.48399353027344,43.03478240966797,62.365230560302734,69.72470092773438
2018-09-25,237.19224548339844,43.28010559082031,62.317569732666016,69.73307800292969
2018-09-26,236.4969940185547,43.3023796081543,62.476417541503906,69.74147033691406
2018-09-27,237.1540069580078,43.254661560058594,62.52406692504883,69.74147033691406
2018-09-28,237.12745666503906,42.944488525390625,62.52406692504883,69.77509307861328
2018-10-01,238.0064697265625,43.01606750488281,62.40705108642578,69.75572204589844
2018-10-02,237.97988891601562,42.75363540649414,62.51852798461914,69.78096008300781
2018-10-03,238.18414306640625,42.59458541870117,62.19999694824219,69.74732971191406
2018-10-04,236.2305908203125,42.00608825683594,62.04074478149414,69.7304916381836
2018-10-05,234.89869689941406,41.783416748046875,61.92927169799805,69.72207641601562
2018-10-08,234.83648681640625,41.62436294555664,61.90534973144531,69.70527648925781
2018-10-09,234.53457641601562,41.48122024536133,62.02482223510742,69.7304916381836
2018-10-10,226.9603729248047,40.479164123535156,61.977046966552734,69.74732971191406
2018-10-11,222.18316650390625,39.938385009765625,62.15223693847656,69.77253723144531
2018-10-12,225.1844940185547,40.312171936035156,62.136329650878906,69.77253723144531
2018-10-15,223.95021057128906,40.14515686035156,62.12035369873047,69.7978286743164
2018-10-16,228.71852111816406,40.91657638549805,62.16816711425781,69.77253723144531
2018-10-17,228.79844665527344,40.5745964050293,62.056671142578125,69.77253723144531
2018-10-18,225.5840301513672,39.89862060546875,62.01685333251953,69.81459045410156
2018-10-19,225.40646362304688,40.12925338745117,61.98500061035156,69.77253723144531
2018-10-22,224.47415161132812,40.06563186645508,61.961116790771484,69.75572204589844
2018-10-23,223.12442016601562,39.64414596557617,62.04875183105469,69.7978286743164
2018-10-24,216.4647979736328,38.53871154785156,62.21592330932617,69.90713500976562
2018-10-25,220.34515380859375,39.03179168701172,62.144256591796875,69.88192749023438
2018-10-26,216.44705200195312,38.70572280883789,62.2557487487793,69.9239501953125
2018-10-29,215.32823181152344,38.48304748535156,62.19999694824219,69.94915771484375
2018-10-30,218.6225128173828,38.94430923461914,62.11240005493164,69.91558837890625
2018-10-31,220.91343688964844,39.270362854003906,61.98500061035156,69.88192749023438
2018-11-01,223.20431518554688,39.9860954284668,62.09996032714844,69.92070770263672
2018-11-02,221.8191375732422,40.20879364013672,61.86847686767578,69.8364028930664
2018-11-05,223.0800018310547,40.21672439575195,61.916358947753906,69.86170196533203
2018-11-06,224.4918670654297,40.30421447753906,61.90837478637695,69.8448257446289
2018-11-07,229.2335205078125,40.84499740600586,61.96422576904297,69.81954956054688
2018-11-08,228.8428192138672,40.38373947143555,61.86046600341797,69.81109619140625
2018-11-09,226.7294921875,39.96225357055664,62.01217269897461,69.8448257446289
2018-11-12,222.35191345214844,39.32603454589844,62.107967376708984,69.89537048339844
2018-11-13,221.97897338867188,39.53280258178711,62.076019287109375,69.90383911132812
2018-11-14,220.46055603027344,39.652095794677734,62.12392044067383,69.954345703125
2018-11-15,222.74261474609375,39.938385009765625,62.13188552856445,69.988037109375
2018-11-16,223.31089782714844,39.938385009765625,62.26759338378906,70.03865051269531
2018-11-19,219.60813903808594,39.596431732177734,62.26759338378906,70.09760284423828
2018-11-20,215.5679473876953,38.7932014465332,62.227691650390625,70.08074951171875
2018-11-21,216.2871856689453,39.3896598815918,62.29156494140625,70.08074951171875
2018-11-23,214.89312744140625,39.14310836791992,62.28356170654297,70.06392669677734
2018-11-26,218.25845336914062,39.6600456237793,62.23564910888672,70.07231903076172
2018-11-27,218.94216918945312,39.564605712890625,62.27559280395508,70.08074951171875
2018-11-28,224.0567626953125,40.248538970947266,62.30752182006836,70.10602569580078
2018-11-29,223.59503173828125,40.04972457885742,62.35541915893555,70.12289428710938
2018-11-30,225.07791137695312,39.93043518066406,62.37934875488281,70.14816284179688
2018-12-03,227.85720825195312,40.50302505493164,62.47702407836914,70.09074401855469
2018-12-04,220.78907775878906,39.51689529418945,62.62903594970703,70.14139556884766
2018-12-06,220.22970581054688,39.19084167480469,62.741085052490234,70.20894622802734
2018-12-07,215.11509704589844,38.681861877441406,62.86912155151367,70.2849349975586
2018-12-10,215.3726348876953,38.34784698486328,62.933143615722656,70.2849349975586
2018-12-11,215.4347381591797,38.475093841552734,62.94114303588867,70.21736907958984
2018-12-12,216.6246337890625,39.079498291015625,62.87712097167969,70.20894622802734
2018-12-13,216.5535888671875,39.023834228515625,62.92512893676758,70.27645874023438
2018-12-14,212.55780029296875,38.48304748535156,62.981178283691406,70.31866455078125
2018-12-17,208.2180938720703,38.15699005126953,63.10124588012695,70.38616180419922
2018-12-18,208.1377716064453,38.20469665527344,63.197235107421875,70.42758178710938
2018-12-19,204.81671142578125,37.76730728149414,63.309288024902344,70.44450378417969
2018-12-20,201.4509735107422,37.71958923339844,63.22126388549805,70.4360580444336
2018-12-21,197.44253540039062,37.13904571533203,63.22126388549805,70.48678588867188
2018-12-24,192.00563049316406,36.75001525878906,63.23567581176758,70.5459213256836
2018-12-26,201.7187957763672,37.650245666503906,63.099300384521484,70.47827911376953
2018-12-27,203.59361267089844,37.6583137512207,63.23567581176758,70.55440521240234
2018-12-28,203.33470153808594,37.86729049682617,63.388126373291016,70.65583038330078
2018-12-31,205.1648406982422,37.955718994140625,63.54854965209961,70.68121337890625
2019-01-02,205.32557678222656,37.88337707519531,63.67693328857422,70.68965148925781
2019-01-03,200.42431640625,37.45735549926758,63.925655364990234,70.8333511352539
2019-01-04,207.0396728515625,38.67912292480469,63.733123779296875,70.68121337890625
2019-01-07,208.5930633544922,38.799705505371094,63.636817932128906,70.63045501708984
2019-01-08,210.61961364746094,39.08104705810547,63.55660629272461,70.58821868896484
2019-01-09,211.59274291992188,39.60350799560547,63.6448974609375,70.62202453613281
2019-01-10,212.47654724121094,39.73212814331055,63.516502380371094,70.63045501708984
2019-01-11,212.3783416748047,39.47489547729492,63.6448974609375,70.67272186279297
2019-01-14,211.20884704589844,39.30610275268555,63.588661193847656,70.67272186279297
2019-01-15,213.6818084716797,39.5552864074707,63.59674835205078,70.69810485839844
2019-01-16,214.1549530029297,39.71604537963867,63.62078094482422,70.68121337890625
2019-01-17,215.75299072265625,39.89289474487305,63.54854965209961,70.67272186279297
2019-01-18,218.65444946289062,40.21439743041992,63.50044631958008,70.6135482788086
2019-01-22,215.7440185546875,39.60350799560547,63.61276626586914,70.67272186279297
2019-01-23,216.0654754638672,39.84465408325195,63.67693328857422,70.65583038330078
2019-01-24,216.27969360351562,39.98933410644531,63.813323974609375,70.7149887084961
2019-01-25,218.1188201904297,40.431434631347656,63.74113082885742,70.6642837524414
2019-01-28,216.4314727783203,40.21439743041992,63.76517105102539,70.67272186279297
2019-01-29,216.16366577148438,40.29479217529297,63.89353942871094,70.70655059814453
2019-01-30,219.5829315185547,40.777076721191406,63.957733154296875,70.79950714111328
2019-01-31,221.41305541992188,40.86548614501953,64.25457000732422,70.85871124267578
2019-02-01,221.6005859375,40.801185607910156,64.0760269165039,70.77571105957031
2019-02-04,223.18077087402344,40.937828063964844,64.01974487304688,70.77571105957031
2019-02-05,224.17173767089844,41.29954147338867,64.15645599365234,70.77571105957031
2019-02-06,223.89495849609375,41.01016616821289,64.13232421875,70.80958557128906
2019-02-07,221.69879150390625,40.471622467041016,64.18059539794922,70.86038970947266
2019-02-08,221.9844207763672,40.31890106201172,64.27711486816406,70.88577270507812
2019-02-11,222.10047912597656,40.23851013183594,64.25298309326172,70.86038970947266
2019-02-12,224.97515869140625,40.6645393371582,64.24495697021484,70.85192108154297
2019-02-13,225.65367126464844,40.608272552490234,64.14842987060547,70.80111694335938
2019-02-14,225.15374755859375,40.62434387207031,64.26105499267578,70.89427947998047
2019-02-15,227.63555908203125,41.034297943115234,64.28516387939453,70.86038970947266
2019-02-19,228.0284423828125,41.25130844116211,64.3414535522461,70.91122436523438
2019-02-20,228.55519104003906,41.44422912597656,64.31732177734375,70.90275573730469
2019-02-21,227.72488403320312,41.315635681152344,64.18858337402344,70.87731170654297
2019-02-22,229.09078979492188,41.57284927368164,64.33342742919922,70.9281005859375
2019-02-25,229.43003845214844,41.75771713256836,64.30928039550781,70.919677734375
2019-02-26,229.2603759765625,41.902400970458984,64.39774322509766,70.95352935791016
2019-02-27,229.14434814453125,41.70144271850586,64.26903533935547,70.93659210205078
2019-02-28,228.60870361328125,41.53263854980469,64.19668579101562,70.919677734375
2019-03-01,230.17994689941406,41.645179748535156,63.99839401245117,70.87213897705078
2019-03-04,229.29615783691406,41.596954345703125,64.1112289428711,70.88912200927734
2019-03-05,229.02835083007812,41.67732620239258,64.15959167480469,70.8976058959961
2019-03-06,227.56417846679688,41.540679931640625,64.24015808105469,70.948486328125
2019-03-07,225.73402404785156,40.986061096191406,64.42564392089844,71.00790405273438
2019-03-08,225.27867126464844,40.89764404296875,64.50627136230469,71.03337097167969
2019-03-11,228.56407165527344,41.37992477416992,64.47398376464844,71.0163803100586
2019-03-12,229.37646484375,41.44422912597656,64.62714385986328,71.04182434082031
2019-03-13,230.93881225585938,41.70144271850586,64.59490966796875,71.05033111572266
2019-03-14,230.85848999023438,41.63714599609375,64.5384750366211,71.06727600097656
2019-03-15,231.98329162597656,42.063167572021484,64.65940856933594,71.09273529052734
2019-03-18,232.81362915039062,42.30430221557617,64.61907958984375,71.07575988769531
2019-03-19,232.8849639892578,42.344505310058594,64.5868148803711,71.06727600097656
2019-03-20,232.0547332763672,42.35253143310547,64.86898040771484,71.1690902709961
2019-03-21,234.70774841308594,42.360557556152344,64.8851089477539,71.1690902709961
2019-03-22,230.24571228027344,41.45226287841797,65.23981475830078,71.2878189086914
2019-03-25,230.0392303466797,41.48936462402344,65.32041931152344,71.36419677734375
2019-03-26,231.7001190185547,41.73128128051758,65.33656311035156,71.35574340820312
2019-03-27,230.62278747558594,41.602264404296875,65.45747375488281,71.41509246826172
2019-03-28,231.52059936523438,41.62644577026367,65.48970794677734,71.4066162109375
2019-03-29,233.0109405517578,41.85225296020508,65.44134521484375,71.36419677734375
2019-04-01,235.6953125,42.39253234863281,65.18275451660156,71.29109191894531
2019-04-02,235.7760467529297,42.432861328125,65.2150650024414,71.32511138916016
2019-04-03,236.2159881591797,42.6989631652832,65.12615203857422,71.29109191894531
2019-04-04,236.78155517578125,42.73930358886719,65.19082641601562,71.30814361572266
2019-04-05,237.9217987060547,42.852176666259766,65.23930358886719,71.29957580566406
2019-04-08,238.1282196044922,42.8441162109375,65.17466735839844,71.28260803222656
2019-04-09,236.86239624023438,42.7070198059082,65.27164459228516,71.29109191894531
2019-04-10,237.67933654785156,42.836063385009766,65.36053466796875,71.35063171386719
2019-04-11,237.63449096679688,42.69090270996094,65.24739837646484,71.30814361572266
2019-04-12,239.2415008544922,43.01347351074219,65.12615203857422,71.26559448242188
2019-04-15,239.07989501953125,42.97313690185547,65.14234924316406,71.27410125732422
2019-04-16,239.25048828125,43.13442611694336,65.02918243408203,71.26559448242188
2019-04-17,238.66702270507812,43.18280792236328,65.02918243408203,71.29109191894531
2019-04-18,239.11582946777344,43.150550842285156,65.11809539794922,71.30814361572266
2019-04-22,239.34925842285156,43.069908142089844,65.05342102050781,71.31661987304688
2019-04-23,241.41415405273438,43.174739837646484,65.16656494140625,71.35063171386719
2019-04-24,240.93833923339844,42.76346969604492,65.33628845214844,71.39311218261719
2019-04-25,240.8485565185547,42.69090270996094,65.32014465332031,71.39311218261719
2019-04-26,241.95286560058594,42.916690826416016,65.46559143066406,71.46961212158203
2019-04-29,242.258056640625,43.021522521972656,65.32817840576172,71.4441146850586
2019-04-30,242.4106903076172,43.01347351074219,65.4251480102539,71.49512481689453
2019-05-01,240.6420440673828,42.78767395019531,65.42920684814453,71.43206024169922
2019-05-02,240.16622924804688,42.7231559753418,65.28337860107422,71.39801025390625
2019-05-03,242.4466552734375,43.15861129760742,65.4049072265625,71.42357635498047
2019-05-06,241.4860076904297,42.63444519042969,65.48590850830078,71.46614837646484
2019-05-07,237.57162475585938,41.90869903564453,65.58309936523438,71.5002670288086
2019-05-08,237.10476684570312,41.94901657104492,65.53453063964844,71.49169158935547
2019-05-09,236.3776092529297,41.610328674316406,65.59938049316406,71.53426361083984
2019-05-10,237.48184204101562,41.91675567626953,65.59123992919922,71.55130004882812
2019-05-13,231.65521240234375,40.868431091308594,65.72897338867188,71.6364974975586
2019-05-14,233.666259765625,41.27969741821289,65.76945495605469,71.6364974975586
2019-05-15,235.04888916015625,41.40872573852539,65.8666763305664,71.68754577636719
2019-05-16,237.20358276367188,41.602264404296875,65.76945495605469,71.64501190185547
2019-05-17,235.76710510253906,41.255496978759766,65.78563690185547,71.66202545166016
2019-05-20,234.1600799560547,41.094234466552734,65.70464324951172,71.62796020507812
2019-05-21,236.1441650390625,41.368404388427734,65.67227172851562,71.59391784667969
2019-05-22,235.4977569580078,41.23131561279297,65.79376220703125,71.62796020507812
2019-05-23,232.74156188964844,40.81199264526367,66.02870178222656,71.7557373046875
2019-05-24,233.14559936523438,41.14260482788086,66.02870178222656,71.73019409179688
2019-05-28,231.05372619628906,40.88456344604492,66.16636657714844,71.78973388671875
2019-05-29,229.46466064453125,40.74747085571289,66.15015411376953,71.79825592041016
2019-05-30,230.10205078125,40.89262771606445,66.32839965820312,71.85791015625
2019-05-31,227.02268981933594,40.682960510253906,66.62004089355469,72.01116943359375
2019-06-03,226.34933471679688,40.93294906616211,66.80919647216797,72.14684295654297
2019-06-04,231.3320770263672,41.33614730834961,66.69551849365234,72.09566497802734
2019-06-05,233.28924560546875,41.2393798828125,66.69551849365234,72.12979125976562
2019-06-06,234.80641174316406,41.33614730834961,66.67929077148438,72.08717346191406
2019-06-07,237.149658203125,41.811920166015625,66.85794067382812,72.1639175415039
2019-06-10,238.262939453125,41.98127365112305,66.71991729736328,72.09566497802734
2019-06-11,238.218017578125,42.25543975830078,66.67115020751953,72.07003021240234
2019-06-12,237.76914978027344,41.884490966796875,66.78485870361328,72.12979125976562
2019-06-13,238.82852172851562,41.93288040161133,66.89854431152344,72.20657348632812
2019-06-14,238.4694366455078,41.59419631958008,66.90666961669922,72.18098449707031
2019-06-17,238.68490600585938,41.63451385498047,66.90666961669922,72.14684295654297
2019-06-18,241.06402587890625,42.2957649230957,67.06095123291016,72.15538787841797
2019-06-19,241.7014617919922,42.578006744384766,67.28827667236328,72.30897521972656
2019-06-20,243.9548797607422,43.02958679199219,67.39382934570312,72.34310150146484
2019-06-21,243.66757202148438,42.85909652709961,67.20707702636719,72.30897521972656
2019-06-24,243.35337829589844,42.89988708496094,67.32888793945312,72.35169219970703
2019-06-25,240.9473114013672,42.59806442260742,67.35325622558594,72.36869812011719
2019-06-26,240.71388244628906,42.728580474853516,67.19896697998047,72.28338623046875
2019-06-27,241.55860900878906,42.86725997924805,67.39382934570312,72.34310150146484
2019-06-28,242.89418029785156,43.0304069519043,67.4506607055664,72.34310150146484
2019-07-01,244.9607696533203,43.283287048339844,67.44580841064453,72.29695129394531
2019-07-02,245.67376708984375,43.43827819824219,67.57601928710938,72.3396987915039
2019-07-03,247.55984497070312,43.593265533447266,67.69811248779297,72.3568115234375
2019-07-05,247.24403381347656,43.30775451660156,67.38068389892578,72.2114486694336
2019-07-08,246.0076446533203,43.03855514526367,67.37255859375,72.17729187011719
2019-07-09,246.3144989013672,42.87541580200195,67.28302001953125,72.15164184570312
2019-07-10,247.46067810058594,43.071189880371094,67.33999633789062,72.2798843383789
2019-07-11,247.9569549560547,43.09566879272461,67.12022399902344,72.24565124511719
2019-07-12,249.17527770996094,43.12828826904297,67.17720031738281,72.25418853759766
2019-07-15,249.23834228515625,43.20170211791992,67.27490997314453,72.27131652832031
2019-07-16,248.42625427246094,43.06304168701172,67.18537139892578,72.24565124511719
2019-07-17,246.7476806640625,42.981468200683594,67.38883972167969,72.31405639648438
2019-07-18,247.650146484375,43.120140075683594,67.51089477539062,72.39952850341797
2019-07-19,246.32351684570312,42.981468200683594,67.43762969970703,72.32259368896484
2019-07-22,246.9190673828125,43.04671859741211,67.51089477539062,72.3311767578125
2019-07-23,248.61569213867188,43.23434829711914,67.45394134521484,72.31405639648438
2019-07-24,249.76187133789062,43.23434829711914,67.51905822753906,72.3311767578125
2019-07-25,248.54351806640625,42.83462142944336,67.44580841064453,72.28839111328125
2019-07-26,250.3214111328125,42.94882583618164,67.44580841064453,72.29695129394531
2019-07-29,249.8701629638672,42.96514892578125,67.48649597167969,72.29695129394531
2019-07-30,249.26551818847656,42.50016784667969,67.47021484375,72.30554962158203
2019-07-31,246.4407958984375,42.17387008666992,67.55158996582031,72.29695129394531
2019-08-01,244.37423706054688,41.86389923095703,68.03535461425781,72.50249481201172
2019-08-02,242.58734130859375,41.55390930175781,68.10062408447266,72.51962280273438
2019-08-05,235.43093872070312,40.42002487182617,68.39427947998047,72.66520690917969
2019-08-06,238.46319580078125,40.76265335083008,68.56558227539062,72.69944763183594
2019-08-07,238.6256561279297,40.94210433959961,68.56558227539062,72.7080078125
2019-08-08,243.28228759765625,41.41523361206055,68.6227035522461,72.68235778808594
2019-08-09,241.5856475830078,41.09709930419922,68.50032043457031,72.63951873779297
2019-08-12,238.75196838378906,40.69738006591797,68.8021469116211,72.71662139892578
2019-08-13,242.45204162597656,41.14604568481445,68.69615173339844,72.63092041015625
2019-08-14,235.15118408203125,39.98768997192383,68.94087219238281,72.72517395019531
2019-08-15,235.89122009277344,40.134517669677734,69.27534484863281,72.87930297851562
2019-08-16,239.34754943847656,40.64027404785156,69.20188903808594,72.87074279785156
2019-08-19,242.28961181640625,40.83605194091797,68.98160552978516,72.79366302490234
2019-08-20,240.41244506835938,40.754486083984375,69.16109466552734,72.84502410888672
2019-08-21,242.36178588867188,41.06446075439453,69.12847137451172,72.77655029296875
2019-08-22,242.27154541015625,40.90947341918945,68.99796295166016,72.74227142333984
2019-08-23,236.0536346435547,40.354766845703125,69.2508316040039,72.86217498779297
2019-08-26,238.67076110839844,40.66475296020508,69.2100601196289,72.82792663574219
2019-08-27,237.73216247558594,40.62396240234375,69.44664764404297,72.8536376953125
2019-08-28,239.38369750976562,40.70553970336914,69.47108459472656,72.87074279785156
2019-08-29,242.4971160888672,41.03999328613281,69.43031311035156,72.83647155761719
2019-08-30,242.3978271484375,41.2602424621582,69.42217254638672,72.86217498779297
2019-09-03,241.05323791503906,41.09709930419922,69.48590850830078,72.91880798339844
2019-09-04,243.63418579101562,41.71706771850586,69.61673736572266,72.97887420654297
2019-09-05,246.85594177246094,42.03519058227539,69.25699615478516,72.81581115722656
2019-09-06,247.0364227294922,42.16571807861328,69.3387680053711,72.82440948486328
2019-09-09,247.0996551513672,42.214664459228516,69.01990509033203,72.74722290039062
2019-09-10,247.15370178222656,42.2880744934082,68.66838073730469,72.62714385986328
2019-09-11,248.9315643310547,42.52463912963867,68.62748718261719,72.62714385986328
2019-09-12,249.66258239746094,42.76936340332031,68.49667358398438,72.6099853515625
2019-09-13,249.59933471679688,43.01408767700195,68.104248046875,72.48988342285156
2019-09-16,248.7781982421875,42.67147445678711,68.2840805053711,72.54993438720703
2019-09-17,249.45501708984375,42.801998138427734,68.439453125,72.58419799804688
2019-09-18,249.6083984375,42.72041702270508,68.4885025024414,72.54129791259766
2019-09-19,249.5542449951172,42.78568649291992,68.58658599853516,72.54993438720703
2019-09-20,248.21861267089844,42.74489212036133,68.8318862915039,72.62714385986328
2019-09-23,248.3900604248047,42.69595718383789,68.88095092773438,72.66999816894531
2019-09-24,246.3324737548828,42.46622848510742,69.11799621582031,72.74722290039062
2019-09-25,247.839599609375,42.43341827392578,68.7909927368164,72.65287780761719
2019-09-26,247.35092163085938,42.474430084228516,68.90546417236328,72.6871337890625
2019-09-27,245.96353149414062,42.22010040283203,68.97901916503906,72.73005676269531
2019-09-30,247.17861938476562,42.384178161621094,69.02809143066406,72.76436614990234
2019-10-01,244.20449829101562,41.99856948852539,69.09530639648438,72.84601593017578
2019-10-02,239.8974609375,41.342220306396484,69.25093841552734,72.92337799072266
2019-10-03,241.80157470703125,41.66219711303711,69.48033905029297,73.07797241210938
2019-10-04,245.1565704345703,41.941139221191406,69.5950698852539,73.06941223144531
2019-10-07,244.1046905517578,41.80167007446289,69.41481018066406,72.99205017089844
2019-10-08,240.31448364257812,41.44886779785156,69.44761657714844,73.03501892089844
2019-10-09,242.55422973632812,41.77705001831055,69.36569213867188,72.99205017089844
2019-10-10,244.20449829101562,42.08882141113281,69.15267181396484,72.90618133544922
2019-10-11,246.75245666503906,42.76158905029297,68.89863586425781,72.83741760253906
2019-10-14,246.52566528320312,42.58929443359375,69.0133056640625,72.84601593017578
2019-10-15,248.9105682373047,43.03233337402344,68.83307647705078,72.82880401611328
2019-10-16,248.5205841064453,43.122581481933594,68.90679931640625,72.86318969726562
2019-10-17,249.1916046142578,43.23744583129883,68.90679931640625,72.86318969726562
2019-10-18,248.1669464111328,43.155391693115234,68.93959045410156,72.88896179199219
2019-10-21,249.89883422851562,43.41794204711914,68.77576446533203,72.8545913696289
2019-10-22,249.01927185058594,43.376914978027344,68.89863586425781,72.88035583496094
2019-10-23,249.75375366210938,43.53281021118164,68.9313735961914,72.87177276611328
2019-10-24,250.161865234375,43.60664749145508,68.93959045410156,72.87177276611328
2019-10-25,251.20449829101562,43.69689178466797,68.82490539550781,72.82880401611328
2019-10-28,252.66441345214844,43.88560485839844,68.67739868164062,72.80307006835938
2019-10-29,252.50120544433594,43.8117561340332,68.69379425048828,72.8202133178711
2019-10-30,253.3898162841797,43.97584533691406,68.9150390625,72.86318969726562
2019-10-31,252.57373046875,43.836368560791016,69.24274444580078,72.99205017089844
2019-11-01,254.97666931152344,44.263004302978516,69.18115997314453,72.94906616210938
2019-11-04,255.99215698242188,44.51734161376953,68.98406982421875,72.89739227294922
2019-11-05,255.66567993164062,44.59117889404297,68.74596405029297,72.84576416015625
2019-11-06,255.8017120361328,44.51734161376953,68.89373016357422,72.88880157470703
2019-11-07,256.70843505859375,44.68964385986328,68.54068756103516,72.80274200439453
2019-11-08,257.3341369628906,44.582977294921875,68.4749755859375,72.81132507324219
2019-11-11,256.83544921875,44.435298919677734,68.51606750488281,72.82854461669922
2019-11-12,257.3432312011719,44.38606643676758,68.55712127685547,72.837158203125
2019-11-13,257.4519958496094,44.22198486328125,68.68029022216797,72.87158966064453
2019-11-14,257.79656982421875,44.172752380371094,68.87735748291016,72.94044494628906
2019-11-15,259.7188720703125,44.46810531616211,68.85270690917969,72.91459655761719
2019-11-18,259.8820495605469,44.49272537231445,68.95124053955078,72.94906616210938
2019-11-19,259.755126953125,44.45991134643555,69.0251693725586,72.94044494628906
2019-11-20,258.83929443359375,44.23017883300781,69.21401977539062,72.9748764038086
2019-11-21,258.4403076171875,44.14814376831055,69.09904479980469,72.94044494628906
2019-11-22,259.0115966796875,44.23838806152344,69.14014434814453,72.93182373046875
2019-11-25,260.97930908203125,44.56657791137695,69.2057876586914,72.94044494628906
2019-11-26,261.50518798828125,44.56657791137695,69.32076263427734,72.9748764038086
2019-11-27,262.7384338378906,44.66502380371094,69.21401977539062,72.93182373046875
2019-11-29,261.7318115234375,44.271202087402344,69.21401977539062,72.95763397216797
2019-12-02,259.6010437011719,44.090702056884766,69.0329360961914,72.93524169921875
2019-12-03,257.7784729003906,43.943031311035156,69.40328216552734,73.03871154785156
2019-12-04,259.4286804199219,44.32044219970703,69.26341247558594,73.00418853759766
2019-12-05,259.9093322753906,44.32044219970703,69.1893539428711,72.96971130371094
2019-12-06,262.2214660644531,44.69782638549805,69.09880828857422,72.9438705444336
2019-12-09,261.423583984375,44.46810531616211,69.11529541015625,72.9438705444336
2019-12-10,261.1788024902344,44.55015563964844,69.0658950805664,72.90939331054688
2019-12-11,261.8588562011719,44.84550857543945,69.29629516601562,72.96971130371094
2019-12-12,264.16192626953125,45.288551330566406,68.96717071533203,72.90074157714844
2019-12-13,264.26165771484375,45.477256774902344,69.27983093261719,72.9869384765625
2019-12-16,266.1295471191406,45.91209030151367,69.09056091308594,72.9438705444336
2019-12-17,266.1839904785156,45.854652404785156,69.09880828857422,72.96111297607422
2019-12-18,266.2021179199219,45.887481689453125,69.00827026367188,72.96971130371094
2019-12-19,267.308349609375,45.86287307739258,69.05769348144531,72.98441314697266
2019-12-20,268.6684875488281,45.8792839050293,69.07412719726562,72.98441314697266
2019-12-23,268.9317321777344,45.952301025390625,69.0304183959961,72.9671401977539
2019-12-24,268.9317321777344,45.96058654785156,69.09637451171875,72.97576141357422
2019-12-26,270.3075866699219,46.15974044799805,69.16234588623047,73.00166320800781
2019-12-27,270.3075866699219,46.38377380371094,69.26131439208984,73.05345153808594
2019-12-30,268.8224792480469,46.0269775390625,69.23657989501953,73.07939147949219
2019-12-31,269.5149230957031,46.20952224731445,69.16234588623047,73.07073211669922
2020-01-02,271.902099609375,46.72398376464844,69.25309753417969,73.10525512695312
2020-01-03,269.915771484375,46.15143966674805,69.50051879882812,73.16569519042969
2020-01-06,270.9270935058594,46.217830657958984,69.41806030273438,73.13977813720703
2020-01-07,270.1800537109375,46.13484191894531,69.36030578613281,73.13977813720703
2020-01-08,271.57403564453125,46.217830657958984,69.25309753417969,73.10525512695312
2020-01-09,273.4510498046875,46.42527389526367,69.33556365966797,73.1139144897461
2020-01-10,272.6673583984375,46.36716842651367,69.45105743408203,73.13114166259766
2020-01-13,274.47149658203125,46.71567916870117,69.40979766845703,73.1225357055664
2020-01-14,274.1070251464844,46.72398376464844,69.50875854492188,73.13114166259766
2020-01-15,274.717529296875,46.599517822265625,69.61598205566406,73.16569519042969
2020-01-16,277.0136413574219,46.848445892333984,69.57472229003906,73.16569519042969
2020-01-17,277.9519958496094,46.997798919677734,69.56651306152344,73.19159698486328
2020-01-21,277.3780822753906,46.48334503173828,69.73966217041016,73.20889282226562
2020-01-22,277.450927734375,46.64929962158203,69.79741668701172,73.22613525390625
2020-01-23,277.7242431640625,46.46675109863281,69.92117309570312,73.25208282470703
2020-01-24,275.1913146972656,46.201229095458984,70.02835083007812,73.27796936035156
2020-01-27,270.8178405761719,45.188907623291016,70.25926208496094,73.35567474365234
2020-01-28,273.7516174316406,45.529117584228516,70.13557434082031,73.32112884521484
2020-01-29,273.47833251953125,45.554019927978516,70.33350372314453,73.39019775390625
2020-01-30,274.3348083496094,45.38805389404297,70.34998321533203,73.39884185791016
2020-01-31,269.4146728515625,44.641265869140625,70.53144073486328,73.49382019042969
2020-02-03,271.37359619140625,44.72425079345703,70.46781158447266,73.47220611572266
2020-02-04,275.5557556152344,45.512516021728516,70.2529067993164,73.39437866210938
2020-02-05,278.67181396484375,45.927406311035156,70.13719940185547,73.34246826171875
2020-02-06,279.619384765625,46.0352783203125,70.20333862304688,73.3597412109375
2020-02-07,278.19805908203125,45.57890701293945,70.41822814941406,73.40299224853516
2020-02-10,280.1934509277344,45.670169830322266,70.52565002441406,73.4375991821289
2020-02-11,280.70367431640625,46.002079010009766,70.40991973876953,73.40299224853516
2020-02-12,282.50775146484375,46.333980560302734,70.32728576660156,73.36843872070312
2020-02-13,282.234375,45.97719955444336,70.39341735839844,73.3857192993164
2020-02-14,282.70819091796875,45.952301025390625,70.46781158447266,73.42029571533203
2020-02-18,281.93377685546875,45.670169830322266,70.57526397705078,73.44624328613281
2020-02-19,283.2913818359375,45.885921478271484,70.56697845458984,73.45487976074219
2020-02-20,282.1797790527344,45.512516021728516,70.74051666259766,73.47220611572266
2020-02-21,279.2548522949219,45.27189254760742,70.91411590576172,73.5327377319336
2020-02-24,269.915771484375,43.59577178955078,71.13726806640625,73.65380859375
2020-02-25,261.80670166015625,42.99834442138672,71.19512939453125,73.73159790039062
2020-02-26,260.6495666503906,43.08131790161133,71.15381622314453,73.78350067138672
2020-02-27,249.09625244140625,41.8532600402832,71.2364501953125,73.86997985839844
2020-02-28,247.5929412841797,41.69561004638672,71.70757293701172,74.13809967041016
2020-03-02,258.64501953125,42.1519775390625,71.66032409667969,74.1077651977539
2020-03-03,251.5108184814453,41.770294189453125,72.09100341796875,74.40222930908203
2020-03-04,261.9342346191406,42.84897994995117,72.07440185546875,74.41088104248047
2020-03-05,253.159912109375,41.82007598876953,72.34773254394531,74.56678771972656
2020-03-06,248.9141387939453,41.197757720947266,72.84459686279297,74.65338897705078
2020-03-09,229.7071990966797,37.9450798034668,72.6872329711914,75.06041717529297
2020-03-10,241.4960174560547,39.41375732421875,71.71004486083984,74.73133850097656
2020-03-11,229.52230834960938,37.45552444458008,70.35185241699219,74.64470672607422
2020-03-12,207.32347106933594,33.43116760253906,66.5257568359375,74.62739562988281
2020-03-13,226.69366455078125,35.55536651611328,69.33320617675781,74.72264862060547
2020-03-16,200.08253479003906,31.59739112854004,70.06200408935547,74.8438949584961
2020-03-17,213.18214416503906,33.23202133178711,68.61272430419922,74.67070770263672
2020-03-18,201.52886962890625,30.975069046020508,66.95642852783203,74.57542419433594
2020-03-19,201.70285034179688,31.32356071472168,66.91504669189453,74.7053451538086
2020-03-20,192.9148406982422,31.21569061279297,68.0495834350586,74.9045181274414
2020-03-23,186.99208068847656,30.579967498779297,69.55687713623047,74.99112701416016
2020-03-24,204.8244171142578,33.14285659790039,69.63134002685547,74.88720703125
2020-03-25,207.45167541503906,34.341102600097656,70.56719207763672,74.9738540649414
2020-03-26,219.91958618164062,35.68911361694336,70.89019012451172,75.06041717529297
2020-03-27,213.16383361816406,34.45759582519531,71.2711181640625,75.04309844970703
2020-03-30,220.0569305419922,35.09832000732422,71.34564208984375,75.0777359008789
2020-03-31,216.7888641357422,34.91525650024414,70.68311309814453,75.06041717529297
2020-04-01,207.0214080810547,33.583885192871094,71.04833221435547,75.10899353027344
2020-04-02,211.86395263671875,34.357749938964844,71.38031768798828,75.12631225585938
2020-04-03,208.7332000732422,33.64213180541992,71.34708404541016,75.10899353027344
2020-04-06,222.9313201904297,35.36457824707031,71.57123565673828,75.05694580078125
2020-04-07,223.05032348632812,35.60590362548828,71.63763427734375,75.03961181640625
2020-04-08,230.6208038330078,35.95538330078125,71.82022857666016,75.08296203613281
2020-04-09,234.0444793701172,36.52954864501953,72.6087417602539,75.10899353027344
2020-04-13,231.77426147460938,36.396400451660156,72.37629699707031,75.11763000488281
2020-04-14,238.85044860839844,37.0371208190918,72.37629699707031,75.11763000488281
2020-04-15,233.6508026123047,35.996986389160156,72.73323059082031,75.14364624023438
2020-04-16,234.83177185058594,36.00531005859375,72.77474212646484,75.16101837158203
2020-04-17,241.31285095214844,36.94559860229492,72.6751480102539,75.13497161865234
2020-04-20,236.96463012695312,36.41304397583008,72.55892181396484,75.13497161865234
2020-04-21,229.72369384765625,35.63087463378906,72.65018463134766,75.15233612060547
2020-04-22,234.77682495117188,36.35478973388672,72.59210205078125,75.12631225585938
2020-04-23,234.73106384277344,36.271583557128906,72.70834350585938,75.11763000488281
2020-04-24,238.13638305664062,36.57114028930664,72.68343353271484,75.11763000488281
2020-04-27,241.57833862304688,37.08705520629883,72.42613983154297,75.11763000488281
2020-04-28,240.46151733398438,37.353328704833984,72.6419448852539,75.14364624023438
2020-04-29,246.6589813232422,38.33522415161133,72.69173431396484,75.13497161865234
2020-04-30,244.5076904296875,37.569679260253906,72.63365173339844,75.26506042480469
2020-05-01,237.8434600830078,36.66267776489258,72.60372161865234,75.15398406982422
2020-05-04,238.59413146972656,36.72092056274414,72.6785659790039,75.15398406982422
2020-05-05,240.79115295410156,36.85406494140625,72.61199188232422,75.14529418945312
2020-05-06,239.17083740234375,36.70429229736328,72.28763580322266,75.17133331298828
2020-05-07,241.9994354248047,37.153621673583984,72.52049255371094,75.22342681884766
2020-05-08,246.04562377929688,37.769386291503906,72.31256866455078,75.20604705810547
2020-05-11,246.0822296142578,37.736106872558594,72.08804321289062,75.17998504638672
2020-05-12,241.12974548339844,37.353328704833984,72.32093811035156,75.19734954833984
2020-05-13,236.85476684570312,37.078731536865234,72.4040756225586,75.19734954833984
2020-05-14,239.7108612060547,36.92063522338867,72.60372161865234,75.17998504638672
2020-05-15,240.79115295410156,36.79581832885742,72.64527893066406,75.22342681884766
2020-05-18,248.15097045898438,38.22705078125,72.51221466064453,75.16265869140625
2020-05-19,245.8076171875,37.83595275878906,72.60372161865234,75.20604705810547
2020-05-20,249.81710815429688,38.47667694091797,72.79495239257812,75.20604705810547
2020-05-21,248.02288818359375,38.093894958496094,72.86982727050781,75.18868255615234
2020-05-22,248.58132934570312,37.81931686401367,72.89478302001953,75.18868255615234
2020-05-26,251.7761688232422,38.86775588989258,72.85317993164062,75.18868255615234
2020-05-27,255.44692993164062,39.225563049316406,72.88643646240234,75.17133331298828
2020-05-28,254.94332885742188,39.40031814575195,72.91140747070312,75.20604705810547
2020-05-29,256.087646484375,39.45023727416992,73.11930847167969,75.20604705810547
2020-06-01,257.2044372558594,40.29899597167969,73.0601577758789,75.19735717773438
2020-06-02,259.31915283203125,40.898109436035156,73.11849212646484,75.19735717773438
2020-06-03,262.7427062988281,41.78013229370117,72.95183563232422,75.1365737915039
2020-06-04,262.0746154785156,41.48890686035156,72.77685546875,75.15393829345703
2020-06-05,268.7753601074219,42.296058654785156,72.76852416992188,75.12785339355469
2020-06-08,272.03424072265625,42.786991119384766,72.84353637695312,75.11054992675781
2020-06-09,270.10272216796875,42.321006774902344,72.89350891113281,75.1365737915039
2020-06-10,268.41839599609375,42.271087646484375,73.20178985595703,75.17996215820312
2020-06-11,252.94778442382812,39.99110794067383,73.06848907470703,75.14525604248047
2020-06-12,255.9961395263672,40.76496505737305,73.14347076416016,75.17131042480469
2020-06-15,258.33056640625,40.806575775146484,73.29346466064453,75.15393829345703
2020-06-16,263.3835754394531,41.272560119628906,73.20178985595703,75.14525604248047
2020-06-17,262.1751708984375,41.380733489990234,73.218505859375,75.17131042480469
2020-06-18,262.4132080078125,41.2891960144043,73.30178833007812,75.16259765625
2020-06-19,260.8662109375,41.122779846191406,73.32676696777344,75.17996215820312
2020-06-22,262.5963439941406,41.651371002197266,73.30178833007812,75.16259765625
2020-06-23,263.786376953125,41.90226745605469,73.26847839355469,75.17996215820312
2020-06-24,257.03973388671875,40.99898910522461,73.27679443359375,75.18868255615234
2020-06-25,259.758544921875,41.41717529296875,73.35175323486328,75.18868255615234
2020-06-26,253.67103576660156,40.87353515625,73.4850845336914,75.2147216796875
2020-06-29,257.3727722167969,41.19972610473633,73.53509521484375,75.23208618164062
2020-06-30,260.80511474609375,41.12444305419922,73.6101303100586,75.22344207763672
2020-07-01,262.59033203125,41.33354187011719,73.62846374511719,75.19821166992188
2020-07-02,263.915283203125,41.94411087036133,73.74536895751953,75.23297882080078
2020-07-06,268.01007080078125,42.880836486816406,73.72027587890625,75.20689392089844
2020-07-07,265.23114013671875,42.28701400756836,73.837158203125,75.22427368164062
2020-07-08,267.2003479003906,42.83063888549805,73.79542541503906,75.22427368164062
2020-07-09,265.83837890625,42.454280853271484,73.99575805664062,75.2416763305664
2020-07-10,268.5069885253906,42.6717414855957,73.91230010986328,75.21554565429688
2020-07-13,266.0777282714844,42.3957405090332,73.94574737548828,75.21554565429688
2020-07-14,269.6387634277344,42.872467041015625,74.03751373291016,75.22427368164062
2020-07-15,272.03118896484375,43.24884033203125,74.04589080810547,75.23297882080078
2020-07-16,271.2398681640625,42.86410140991211,74.095947265625,75.23297882080078
2020-07-17,271.9576721191406,43.106658935546875,74.17105865478516,75.2503662109375
2020-07-20,274.22125244140625,43.39938735961914,74.24620819091797,75.23297882080078
2020-07-21,274.7917785644531,43.641937255859375,74.2879409790039,75.2503662109375
2020-07-22,276.3560791015625,43.658660888671875,74.38813781738281,75.2416763305664
2020-07-23,273.0525817871094,43.3241081237793,74.45489501953125,75.2416763305664
2020-07-24,271.285888671875,43.16519546508789,74.43820190429688,75.2503662109375
2020-07-27,273.26434326171875,43.784114837646484,74.38813781738281,75.22427368164062
2020-07-28,271.57110595703125,43.47465133666992,74.42153930664062,75.2416763305664
2020-07-29,274.8561706542969,44.02666091918945,74.53838348388672,75.25906372070312
2020-07-30,273.8531494140625,43.47465133666992,74.58013153076172,75.28514099121094
2020-07-31,276.1444396972656,42.83063888549805,74.68029022216797,75.2938232421875
2020-08-03,277.88360595703125,43.44956588745117,74.65437316894531,75.29383087158203
2020-08-04,279.0522155761719,43.784114837646484,74.81326293945312,75.30253601074219
2020-08-05,280.79132080078125,44.04338836669922,74.71292114257812,75.28514099121094
2020-08-06,282.6776123046875,44.177215576171875,74.83000183105469,75.28514099121094
2020-08-07,282.8248596191406,43.784114837646484,74.74636840820312,75.27641296386719
2020-08-10,283.7266540527344,43.917938232421875,74.66272735595703,75.25900268554688
2020-08-11,281.4354248046875,44.0182991027832,74.4035415649414,75.24163818359375
2020-08-12,285.2909851074219,44.82121658325195,74.21115112304688,75.2242202758789
2020-08-13,284.8033447265625,44.62885284423828,73.9686279296875,75.21554565429688
2020-08-14,284.8033447265625,44.4113883972168,73.88501739501953,75.2242202758789
2020-08-17,285.72344970703125,44.8295783996582,73.97698211669922,75.23294830322266
2020-08-18,286.3215637207031,44.81285858154297,74.07740783691406,75.24163818359375
2020-08-19,285.10699462890625,44.5368537902832,73.951904296875,75.24163818359375
2020-08-20,286.0086975097656,44.41976547241211,74.07740783691406,75.24163818359375
2020-08-21,287.03009033203125,44.31938934326172,74.2362289428711,75.23294830322266
2020-08-24,289.94708251953125,44.8295783996582,74.15261840820312,75.2242202758789
2020-08-25,290.95928955078125,44.996856689453125,74.01042938232422,75.23294830322266
2020-08-26,293.9313659667969,45.23103713989258,73.9686279296875,75.23294830322266
2020-08-27,294.5203552246094,44.83794021606445,73.70105743408203,75.2242202758789
2020-08-28,296.4342346191406,45.247772216796875,73.75955963134766,75.25031280517578
2020-08-31,295.3945007324219,44.72922134399414,73.97698211669922,75.27641296386719
2020-09-01,298.155029296875,44.996856689453125,74.18057250976562,75.25814819335938
2020-09-02,302.4981689453125,45.37321853637695,74.33970642089844,75.26683044433594
2020-09-03,292.0266418457031,44.38630294799805,74.34811401367188,75.25814819335938
2020-09-04,289.689453125,44.478302001953125,73.91246795654297,75.23206329345703
2020-09-08,281.7298278808594,43.8426628112793,74.02143859863281,75.24075317382812
2020-09-09,287.2877502441406,44.587032318115234,73.97113800048828,75.24946594238281
2020-09-10,282.2637023925781,44.0350227355957,73.98786926269531,75.24075317382812
2020-09-11,282.4752502441406,44.44484329223633,74.06330871582031,75.25814819335938
2020-09-14,286.1467590332031,44.8295783996582,74.06330871582031,75.24946594238281
2020-09-15,287.6190185546875,45.13904571533203,74.10514831542969,75.25814819335938
2020-09-16,286.4596252441406,45.07212448120117,74.08840942382812,75.26683044433594
2020-09-17,283.9566955566406,45.05540084838867,74.08840942382812,75.24946594238281
2020-09-18,280.6533203125,44.72085189819336,74.0046157836914,75.25814819335938
2020-09-21,277.6075439453125,43.869876861572266,74.0465316772461,75.24946594238281
2020-09-22,280.4140319824219,43.78571319580078,74.07164001464844,75.26683044433594
2020-09-23,273.9176940917969,43.25543975830078,73.90410614013672,75.26683044433594
2020-09-24,274.672119140625,43.179683685302734,73.91246795654297,75.25814819335938
2020-09-25,279.070556640625,43.33961868286133,73.90410614013672,75.26683044433594
2020-09-28,283.7450256347656,43.928810119628906,73.97113800048828,75.27555847167969
2020-09-29,282.1269836425781,43.869876861572266,74.02143859863281,75.26683044433594
2020-09-30,284.2986145019531,43.91196823120117,73.90410614013672,75.27555847167969
2020-10-01,286.1005859375,44.26548767089844,73.97967529296875,75.25814819335938
2020-10-02,283.439208984375,44.071895599365234,73.92926788330078,75.26686096191406
2020-10-05,288.3923034667969,44.72001266479492,73.65235900878906,75.2407455444336
2020-10-06,284.36334228515625,44.40016555786133,73.7530746459961,75.2407455444336
2020-10-07,289.24261474609375,44.84626770019531,73.65235900878906,75.23206329345703
2020-10-08,291.80224609375,45.1577033996582,73.77825164794922,75.23206329345703
2020-10-09,294.39898681640625,45.46912384033203,73.79502868652344,75.23206329345703
2020-10-12,299.1488037109375,45.73847579956055,73.90412902832031,75.24944305419922
2020-10-13,297.23602294921875,45.342872619628906,73.96284484863281,75.2407455444336
2020-10-14,295.3785400390625,45.191368103027344,74.00482940673828,75.2407455444336
2020-10-15,295.0273742675781,44.72001266479492,73.96284484863281,75.25814819335938
2020-10-16,294.77783203125,44.905181884765625,73.90412902832031,75.24944305419922
2020-10-19,290.3237609863281,44.703182220458984,73.83696746826172,75.24944305419922
2020-10-20,291.4696044921875,45.03986358642578,73.71112823486328,75.2407455444336
2020-10-21,290.94293212890625,44.913604736328125,73.6271743774414,75.2407455444336
2020-10-22,292.5415344238281,44.922027587890625,73.50128173828125,75.21459197998047
2020-10-23,293.5397033691406,45.174530029296875,73.59363555908203,75.22331237792969
2020-10-26,288.1336364746094,44.416996002197266,73.70271301269531,75.23206329345703
2020-10-27,287.1817932128906,44.25706481933594,73.87893676757812,75.23206329345703
2020-10-28,277.2939758300781,42.994510650634766,73.77825164794922,75.23206329345703
2020-10-29,280.214111328125,43.25543975830078,73.61878967285156,75.24944305419922
2020-10-30,277.06292724609375,42.90191650390625,73.49292755126953,75.2407455444336
2020-11-02,280.28802490234375,43.49953842163086,73.59463500976562,75.23983764648438
2020-11-03,285.23199462890625,44.341243743896484,73.57782745361328,75.2224349975586
2020-11-04,291.6544189453125,45.03144454956055,74.08218383789062,75.23983764648438
2020-11-05,297.3653564453125,46.00782012939453,74.1578598022461,75.2224349975586
2020-11-06,297.328369140625,46.15091323852539,73.98971557617188,75.23114013671875
2020-11-09,301.03399658203125,47.11887741088867,73.64508056640625,75.20500183105469
2020-11-10,300.64593505859375,47.270389556884766,73.50220489501953,75.19630432128906
2020-11-11,302.7620544433594,47.598655700683594,73.55261993408203,75.17889404296875
2020-11-12,299.9621276855469,46.958953857421875,73.7964096069336,75.1876220703125
2020-11-13,304.037353515625,47.61549758911133,73.82161712646484,75.1876220703125
2020-11-16,307.7244873046875,48.21310043334961,73.86363220214844,75.20500183105469
2020-11-17,306.19049072265625,48.21310043334961,73.98971557617188,75.19630432128906
2020-11-18,302.47564697265625,47.98583984375,74.07379913330078,75.19630432128906
2020-11-19,303.7415771484375,48.26361083984375,74.22509002685547,75.21370697021484
2020-11-20,301.7086181640625,48.415122985839844,74.29235076904297,75.2224349975586
2020-11-23,303.4921569824219,48.48245620727539,74.2334976196289,75.2224349975586
2020-11-24,308.40826416015625,49.19791030883789,74.1578598022461,75.23114013671875
2020-11-25,307.900146484375,49.02956771850586,74.12420654296875,75.23983764648438
2020-11-27,308.7779541015625,49.39149856567383,74.28394317626953,75.23983764648438
2020-11-30,307.3918762207031,48.314109802246094,74.38480377197266,75.25727844238281
2020-12-01,310.7740478515625,49.4083366394043,74.16001892089844,75.21634674072266
2020-12-02,311.43011474609375,49.4420051574707,74.03372192382812,75.23373413085938
2020-12-03,311.3377380371094,49.66925811767578,74.17683410644531,75.25117492675781
2020-12-04,314.0175476074219,50.12378692626953,73.98319244384766,75.24244689941406
2020-12-07,313.4354248046875,49.871273040771484,74.08421325683594,75.25988006591797
2020-12-08,314.3410339355469,49.99753189086914,74.10945129394531,75.24244689941406
2020-12-09,311.55023193359375,49.93861389160156,73.98319244384766,75.23373413085938
2020-12-10,311.4023742675781,50.15745544433594,74.13473510742188,75.25117492675781
2020-12-11,311.00494384765625,49.91336441040039,74.25263977050781,75.29476165771484
2020-12-14,309.5819091796875,49.921783447265625,74.22734832763672,75.2860336303711
2020-12-15,313.86053466796875,50.46047592163086,74.26103973388672,75.2860336303711
2020-12-16,314.3410339355469,50.58672332763672,74.18531036376953,75.2860336303711
2020-12-17,316.0506591796875,50.94024658203125,74.20208740234375,75.28778076171875
2020-12-18,314.78460693359375,50.73823547363281,74.17683410644531,75.27903747558594
2020-12-21,313.8143005371094,50.109214782714844,74.18531036376953,75.27903747558594
2020-12-22,313.1954040527344,49.96470642089844,74.3031234741211,75.27903747558594
2020-12-23,313.4458923339844,50.432228088378906,74.21949005126953,75.2964859008789
2020-12-24,314.69854736328125,50.45772171020508,74.34620666503906,75.27903747558594
2020-12-28,317.4357604980469,50.76374053955078,74.32088470458984,75.28778076171875
2020-12-29,316.76776123046875,51.188751220703125,74.34620666503906,75.28778076171875
2020-12-30,317.1946105957031,51.46925354003906,74.39693450927734,75.2964859008789
2020-12-31,318.9018249511719,51.137752532958984,74.49827575683594,75.28778076171875
2021-01-04,314.5779113769531,51.44375228881836,74.39693450927734,75.2964859008789
2021-01-05,316.6470947265625,52.1917839050293,74.27018737792969,75.2964859008789
2021-01-06,318.56768798828125,52.472293853759766,73.94076538085938,75.25289916992188
2021-01-07,323.32781982421875,52.693294525146484,73.7886962890625,75.27033233642578
2021-01-08,325.146484375,53.36482620239258,73.7210922241211,75.26162719726562
2021-01-11,323.0216064453125,52.65929412841797,73.64507293701172,75.25289916992188
2021-01-12,323.0494384765625,52.93130874633789,73.62814331054688,75.25289916992188
2021-01-13,323.856689453125,52.92280960083008,73.822509765625,75.24421691894531
2021-01-14,322.76177978515625,53.39031982421875,73.72954559326172,75.25289916992188
2021-01-15,320.4606018066406,52.57429504394531,73.7886962890625,75.26162719726562
2021-01-19,322.9937744140625,53.101322174072266,73.89006042480469,75.28778076171875
2021-01-20,327.382568359375,53.6793327331543,73.88162231445312,75.27903747558594
2021-01-21,327.6888122558594,53.74732971191406,73.78023529052734,75.28778076171875
2021-01-22,326.5196533203125,53.381832122802734,73.81404113769531,75.28778076171875
2021-01-25,327.8465270996094,53.45832443237305,73.98297119140625,75.2964859008789
2021-01-26,327.354736328125,53.356319427490234,73.97454071044922,75.28778076171875
2021-01-27,319.41204833984375,52.11528015136719,73.97454071044922,75.28778076171875
2021-01-28,322.0937194824219,52.48079299926758,73.9154052734375,75.27903747558594
2021-01-29,315.6449279785156,51.265254974365234,73.85625457763672,75.30518341064453
2021-02-01,320.831787109375,52.1917839050293,73.88080596923828,75.31392669677734
2021-02-02,325.4433898925781,52.8208122253418,73.7877197265625,75.28775787353516
2021-02-03,325.76806640625,53.01631164550781,73.6607894897461,75.2964859008789
2021-02-04,329.4146728515625,53.06731414794922,73.67772674560547,75.2964859008789
2021-02-05,330.7323303222656,53.43282699584961,73.57621765136719,75.31392669677734
2021-02-08,333.17254638671875,53.764339447021484,73.6607894897461,75.30517578125
2021-02-09,332.9034729003906,54.129852294921875,73.62699127197266,75.28775787353516
2021-02-10,332.77362060546875,54.06184768676758,73.74544525146484,75.2964859008789
2021-02-11,333.311767578125,54.46986389160156,73.66928100585938,75.2964859008789
2021-02-12,335.009765625,54.73336410522461,73.47466278076172,75.30517578125
2021-02-16,334.6943054199219,54.979881286621094,73.12779235839844,75.27904510498047
2021-02-17,334.76849365234375,54.741878509521484,73.28008270263672,75.2964859008789
2021-02-18,333.33953857421875,54.28286361694336,73.23776245117188,75.2964859008789
2021-02-19,332.7271728515625,54.58887481689453,72.98395538330078,75.30517578125
2021-02-22,330.11053466796875,54.0108528137207,72.78089904785156,75.28775787353516
2021-02-23,330.5280456542969,54.146846771240234,72.7639389038086,75.2964859008789
2021-02-24,334.1839904785156,54.163856506347656,72.72164916992188,75.27904510498047
2021-02-25,326.1671447753906,53.186317443847656,72.08708190917969,75.16570281982422
2021-02-26,324.37628173828125,52.44679641723633,72.71321105957031,75.2615966796875
2021-03-01,332.2911071777344,53.594337463378906,72.61912536621094,75.2546615600586
2021-03-02,329.7209167480469,53.381832122802734,72.61065673828125,75.27204895019531
2021-03-03,325.36920166015625,53.12682342529297,72.38188171386719,75.22846221923828
2021-03-04,321.3607177734375,52.44679641723633,72.15309143066406,75.22846221923828
2021-03-05,327.2528076171875,52.83781433105469,72.11071014404297,75.22846221923828
2021-03-08,325.64752197265625,52.28528594970703,71.78021240234375,75.20232391357422
2021-03-09,330.203369140625,53.09281539916992,72.01751708984375,75.20232391357422
2021-03-10,332.2447204589844,53.23732376098633,72.15309143066406,75.22846221923828
2021-03-11,335.7520751953125,53.98534393310547,72.16156005859375,75.22846221923828
2021-03-12,336.22528076171875,53.81534194946289,71.72941589355469,75.2197265625
2021-03-15,338.173828125,53.925838470458984,71.81414794921875,75.22846221923828
2021-03-16,337.79339599609375,54.05335235595703,71.80567169189453,75.22846221923828
2021-03-17,338.89764404296875,54.274349212646484,71.78021240234375,75.24591064453125
2021-03-18,333.9148864746094,53.63682556152344,71.4836654663086,75.23719787597656
2021-03-19,333.3210144042969,53.908851623535156,71.54296875,75.23719787597656
2021-03-22,335.9561767578125,53.90458297729492,71.74634552001953,75.22846221923828
2021-03-23,333.4880676269531,53.086551666259766,71.90733337402344,75.23719787597656
2021-03-24,331.6415710449219,52.51564025878906,72.01751708984375,75.2546615600586
2021-03-25,333.5066223144531,52.85648727416992,71.9666519165039,75.2633056640625
2021-03-26,338.9472351074219,53.72563934326172,71.83956909179688,75.2633056640625
2021-03-29,338.7424011230469,53.42741012573242,71.74634552001953,75.24591064453125
2021-03-30,337.87646484375,53.44444274902344,71.82261657714844,75.24591064453125
2021-03-31,339.2172546386719,53.42741012573242,71.78870391845703,75.2197265625
2021-04-01,342.8116149902344,54.15169143676758,72.01971435546875,75.21885681152344
2021-04-05,347.7559509277344,54.7481803894043,71.9093246459961,75.201416015625
2021-04-06,347.5603332519531,54.43288803100586,72.16410827636719,75.21885681152344
2021-04-07,347.9980163574219,54.30507278442383,72.07917022705078,75.22756958007812
2021-04-08,349.6927795410156,54.64592361450195,72.24055480957031,75.25376892089844
2021-04-09,352.206787109375,54.63740539550781,72.14712524414062,75.22756958007812
2021-04-12,352.36517333984375,54.313602447509766,72.13011932373047,75.21013641357422
2021-04-13,353.3242492675781,54.628883361816406,72.31700897216797,75.23631286621094
2021-04-14,352.18817138671875,54.77373123168945,72.26602172851562,75.23631286621094
2021-04-15,355.96868896484375,55.14867401123047,72.57176208496094,75.25376892089844
2021-04-16,357.2164611816406,55.515071868896484,72.37640380859375,75.24506378173828
2021-04-19,355.45648193359375,55.34465026855469,72.33395385742188,75.23631286621094
2021-04-20,352.849365234375,54.5777587890625,72.45289611816406,75.25376892089844
2021-04-21,356.1642761230469,55.09754180908203,72.529296875,75.27122497558594
2021-04-22,352.89593505859375,54.86747360229492,72.56327819824219,75.26248931884766
2021-04-23,356.6577453613281,55.48951721191406,72.57176208496094,75.24506378173828
2021-04-26,357.43060302734375,55.55767822265625,72.52082824707031,75.22756958007812
2021-04-27,357.3188171386719,55.47245788574219,72.33395385742188,75.21885681152344
2021-04-28,357.15118408203125,55.70254898071289,72.36791229248047,75.23631286621094
2021-04-29,359.53497314453125,55.69401931762695,72.30847930908203,75.25376892089844
2021-04-30,357.1605224609375,54.91006851196289,72.4104232788086,75.26248931884766
2021-05-03,357.97064208984375,55.37873840332031,72.42829895019531,75.25552368164062
2021-05-04,355.7917785644531,54.662967681884766,72.52184295654297,75.25552368164062
2021-05-05,355.85699462890625,55.22534942626953,72.56438446044922,75.27294921875
2021-05-06,358.7528381347656,55.65141296386719,72.59837341308594,75.27294921875
2021-05-07,361.3134765625,56.307525634765625,72.60690307617188,75.29911041259766
2021-05-10,357.77508544921875,55.84739685058594,72.4367446899414,75.27294921875
2021-05-11,354.6371154785156,55.242408752441406,72.29218292236328,75.26425170898438
2021-05-12,347.06695556640625,54.16022491455078,72.0369873046875,75.25552368164062
2021-05-13,351.19189453125,54.44993209838867,72.18160247802734,75.27294921875
2021-05-14,356.5833435058594,55.361698150634766,72.35173034667969,75.27294921875
2021-05-17,355.7265625,55.27648162841797,72.28366088867188,75.27294921875
2021-05-18,352.6537780761719,55.60879898071289,72.20708465576172,75.28170013427734
2021-05-19,351.7226867675781,55.216835021972656,72.13053894042969,75.25552368164062
2021-05-20,355.4751892089844,55.81330108642578,72.36871337890625,75.2903823852539
2021-05-21,355.20513916015625,55.65993881225586,72.3857421875,75.27294921875
2021-05-24,358.79010009765625,56.0604248046875,72.47076416015625,75.2903823852539
2021-05-25,358.0358581542969,56.21379852294922,72.65792083740234,75.2903823852539
2021-05-26,358.68768310546875,56.34162902832031,72.63243103027344,75.30784606933594
2021-05-27,358.845947265625,56.46942901611328,72.53034973144531,75.30784606933594
2021-05-28,359.5442199707031,56.59725570678711,72.52184295654297,75.30784606933594
2021-06-01,359.2649230957031,57.13408660888672,72.51673126220703,75.2921371459961
2021-06-02,359.8702392578125,57.261898040771484,72.59336853027344,75.30084991455078
2021-06-03,358.50140380859375,56.827335357666016,72.45707702636719,75.27467346191406
2021-06-04,361.7511291503906,57.372684478759766,72.74673461914062,75.30084991455078
2021-06-07,361.4439392089844,57.415279388427734,72.69561767578125,75.2921371459961
2021-06-08,361.499755859375,57.32154846191406,72.83195495605469,75.30958557128906
2021-06-09,360.9317321777344,57.125579833984375,72.97676849365234,75.2921371459961
2021-06-10,362.59844970703125,57.381195068359375,73.13006591796875,75.31829833984375
2021-06-11,363.2315979003906,57.44935989379883,73.11308288574219,75.30084991455078
2021-06-14,364.1441345214844,57.517539978027344,72.9256591796875,75.27467346191406
2021-06-15,363.3806457519531,57.46641159057617,72.9256591796875,75.26597595214844
2021-06-16,361.3880310058594,56.97218704223633,72.72117614746094,75.19615173339844
2021-06-17,361.2575988769531,56.708030700683594,72.96824645996094,75.19615173339844
2021-06-18,356.4622497558594,55.80479049682617,73.1982650756836,75.13508605957031
2021-06-21,361.4531555175781,56.453243255615234,72.94268035888672,75.15252685546875
2021-06-22,363.3713684082031,56.44465255737305,73.04491424560547,75.19615173339844
2021-06-23,362.9801940917969,56.27287292480469,72.9937973022461,75.143798828125
2021-06-24,365.05670166015625,56.77961730957031,73.02787780761719,75.15252685546875
2021-06-25,366.4068908691406,57.03727340698242,72.8915786743164,75.143798828125
2021-06-28,367.1704406738281,56.80537414550781,73.08753204345703,75.16999816894531
2021-06-29,367.3320007324219,56.7882080078125,73.1216049194336,75.16126251220703
2021-06-30,367.6683349609375,56.41028594970703,73.17272186279297,75.17869567871094
2021-07-01,369.7425231933594,56.46181869506836,73.16590881347656,75.16386413574219
2021-07-02,372.5548400878906,56.53913497924805,73.29389190673828,75.19878387451172
2021-07-06,371.8540954589844,56.07533645629883,73.55835723876953,75.2249526977539
2021-07-07,373.1340637207031,56.25568771362305,73.71195220947266,75.23370361328125
2021-07-08,370.1629943847656,55.39683532714844,73.78022766113281,75.26860809326172
2021-07-09,374.0683898925781,56.35016632080078,73.54985046386719,75.24241638183594
2021-07-12,375.4231262207031,56.47041320800781,73.52421569824219,75.2249526977539
2021-07-13,374.1524658203125,56.307220458984375,73.29389190673828,75.16386413574219
2021-07-14,374.6664123535156,56.401710510253906,73.54131317138672,75.21622467041016
2021-07-15,373.4610900878906,56.10969543457031,73.7204818725586,75.2249526977539
2021-07-16,370.5553283691406,55.680259704589844,73.65221405029297,75.21622467041016
2021-07-19,365.0150146484375,54.73550033569336,74.07032775878906,75.25114440917969
2021-07-20,370.1723937988281,55.05329132080078,73.99352264404297,75.28604888916016
2021-07-21,373.2835693359375,55.75754928588867,73.75462341308594,75.25985717773438
2021-07-22,374.07769775390625,55.82625961303711,73.91673278808594,75.26860809326172
2021-07-23,377.81494140625,55.88639450073242,73.8314437866211,75.27734375
2021-07-26,378.77728271484375,55.65449523925781,73.78878021240234,75.25985717773438
2021-07-27,377.09552001953125,55.164939880371094,73.97647094726562,75.27734375
2021-07-28,376.8900146484375,55.75754928588867,74.04474639892578,75.28604888916016
2021-07-29,378.5155944824219,56.101104736328125,73.91673278808594,75.28604888916016
2021-07-30,376.665771484375,55.77473831176758,74.02766418457031,75.30349731445312
2021-08-02,375.89959716796875,56.00662612915039,74.2037124633789,75.3314208984375
2021-08-03,378.93609619140625,56.37594223022461,74.22083282470703,75.3314208984375
2021-08-04,377.12359619140625,56.32441329956055,74.22083282470703,75.30522155761719
2021-08-05,379.4779968261719,56.48759460449219,74.04988098144531,75.27031707763672
2021-08-06,380.1319885253906,56.221351623535156,73.69950866699219,75.24417114257812
2021-08-09,379.7676696777344,56.22992706298828,73.56273651123047,75.21795654296875
2021-08-10,380.244140625,56.33300018310547,73.45167541503906,75.19178771972656
2021-08-11,381.15972900390625,56.67654800415039,73.5029525756836,75.22672271728516
2021-08-12,382.2716064453125,56.48759460449219,73.51146697998047,75.22672271728516
2021-08-13,383.02838134765625,56.67654800415039,73.80204010009766,75.23542022705078
2021-08-16,383.9439697265625,56.29864501953125,73.87041473388672,75.25287628173828
2021-08-17,381.4119567871094,55.61155319213867,73.79349517822266,75.23542022705078
2021-08-18,377.3104553222656,55.49990463256836,73.7763900756836,75.23542022705078
2021-08-19,377.843017578125,54.8471565246582,73.93875122070312,75.23542022705078
2021-08-20,380.8327331542969,54.993167877197266,73.92169952392578,75.23542022705078
2021-08-23,384.2055969238281,55.585792541503906,73.93875122070312,75.23542022705078
2021-08-24,384.81292724609375,56.09251403808594,73.79349517822266,75.22672271728516
2021-08-25,385.52301025390625,56.144046783447266,73.67385864257812,75.21795654296875
2021-08-26,383.2713317871094,55.766143798828125,73.68241119384766,75.21795654296875
2021-08-27,386.67218017578125,56.37594223022461,73.89606475830078,75.27031707763672
2021-08-30,388.4474182128906,56.393123626708984,73.98152160644531,75.28780364990234
2021-08-31,387.78399658203125,56.59065628051758,73.88750457763672,75.27906799316406
2021-09-01,388.19512939453125,57.08879852294922,73.90031433105469,75.27295684814453
2021-09-02,389.3536682128906,57.24338912963867,74.0030517578125,75.27295684814453
2021-09-03,389.2041320800781,57.54399490356445,73.8489761352539,75.27295684814453
2021-09-07,387.7652893066406,57.526824951171875,73.63501739501953,75.24674987792969
2021-09-08,387.3915710449219,56.94279479980469,73.75484466552734,75.26423645019531
2021-09-09,385.65380859375,56.89126205444336,74.02018737792969,75.28166198730469
2021-09-10,382.67333984375,56.7882080078125,73.84044647216797,75.25547790527344
2021-09-13,383.5702819824219,57.157508850097656,73.9516830444336,75.27295684814453
2021-09-14,381.5802307128906,56.8654899597168,74.13146209716797,75.28166198730469
2021-09-15,384.76617431640625,57.002906799316406,74.06295013427734,75.28166198730469
2021-09-16,384.102783203125,56.72807312011719,73.92603302001953,75.25547790527344
2021-09-17,380.3375244140625,56.11827850341797,73.83187103271484,75.23806762695312
2021-09-20,374.12445068359375,54.94121170043945,74.03730773925781,75.25547790527344
2021-09-21,373.7601013183594,55.43345260620117,74.02018737792969,75.27295684814453
2021-09-22,377.3664245605469,55.87388610839844,74.09720611572266,75.22928619384766
2021-09-23,381.9259033203125,56.435211181640625,73.7034912109375,75.18565368652344
2021-09-24,382.56121826171875,55.89979553222656,73.54939270019531,75.15946960449219
2021-09-27,381.4774169921875,55.98615264892578,73.46385192871094,75.15072631835938
2021-09-28,373.8534851074219,54.906681060791016,73.1471176147461,75.15946960449219
2021-09-29,374.4421691894531,54.673500061035156,73.15569305419922,75.18565368652344
2021-09-30,369.6990661621094,54.63032150268555,73.13855743408203,75.20313262939453
2021-10-01,374.1234130859375,54.7857666015625,73.38716888427734,75.2389144897461
2021-10-04,369.52099609375,54.21580505371094,73.33573913574219,75.20398712158203
2021-10-05,373.111083984375,54.543968200683594,73.15570831298828,75.19527435302734
2021-10-06,374.77020263671875,54.22443771362305,73.19000244140625,75.1865463256836
2021-10-07,377.9947814941406,54.846221923828125,72.98426055908203,75.16033172607422
2021-10-08,377.2823486328125,54.91531753540039,72.80423736572266,75.13416290283203
2021-10-11,374.5358581542969,54.75122833251953,72.69280242919922,75.0730209350586
2021-10-12,373.7859802246094,54.71668243408203,72.95854949951172,75.10795593261719
2021-10-13,374.9858703613281,55.33845901489258,73.15570831298828,75.08175659179688
2021-10-14,381.2850036621094,55.8048095703125,73.28429412841797,75.08175659179688
2021-10-15,384.25640869140625,56.28840255737305,73.10430908203125,75.03809356689453
2021-10-18,385.42816162109375,56.11569595336914,73.0614242553711,74.98572540283203
2021-10-19,388.42779541015625,56.56474685668945,72.85570526123047,75.01192474365234
2021-10-20,389.9368896484375,56.71156692504883,72.76997375488281,75.03809356689453
2021-10-21,390.89306640625,56.37476348876953,72.6670913696289,74.95079040527344
2021-10-22,390.49932861328125,56.547481536865234,72.82139587402344,74.9333724975586
2021-10-25,392.5240478515625,56.60792922973633,72.85570526123047,74.96826171875
2021-10-26,392.89898681640625,56.56474685668945,73.00141143798828,74.95079040527344
2021-10-27,391.1929016113281,56.26250076293945,73.26715850830078,74.9333724975586
2021-10-28,395.01739501953125,56.67701721191406,73.17285919189453,74.94207763671875
2021-10-29,395.720458984375,56.20204544067383,73.19000244140625,74.95079040527344
2021-11-01,396.55474853515625,56.74609375,73.13331604003906,74.91675567626953
2021-11-02,398.092041015625,56.461116790771484,73.2707290649414,74.99534606933594
2021-11-03,400.4917297363281,56.83245849609375,73.14192962646484,74.9778823852539
2021-11-04,402.36639404296875,56.772003173828125,73.47676086425781,75.04771423339844
2021-11-05,403.7349853515625,56.89291763305664,73.69999694824219,75.08265686035156
2021-11-08,404.22247314453125,57.07425308227539,73.53687286376953,74.99534606933594
2021-11-09,402.8070068359375,56.901546478271484,73.74292755126953,75.03903198242188
2021-11-10,399.563720703125,56.33157730102539,73.24496459960938,74.89054107666016
2021-11-11,399.6949157714844,56.70293045043945,73.124755859375,74.83817291259766
2021-11-12,402.6664123535156,57.031089782714844,73.13331604003906,74.8992919921875
2021-11-15,402.8538513183594,56.91019058227539,72.83284759521484,74.89054107666016
2021-11-16,404.39117431640625,56.78928756713867,72.78131103515625,74.89054107666016
2021-11-17,403.41632080078125,56.65974044799805,72.93588256835938,74.91675567626953
2021-11-18,404.8129577636719,56.50429916381836,73.021728515625,74.90802764892578
2021-11-19,404.0536804199219,56.141597747802734,73.1762466430664,74.89054107666016
2021-11-22,402.9850769042969,55.78752899169922,72.81566619873047,74.80325317382812
2021-11-23,403.5100402832031,55.75297546386719,72.52375030517578,74.80325317382812
2021-11-24,404.5036315917969,55.5284538269043,72.69547271728516,74.78582000732422
2021-11-26,395.70172119140625,53.939453125,73.21063995361328,74.93421173095703
2021-11-29,400.48223876953125,54.17262268066406,73.20201110839844,74.96913146972656
2021-11-30,392.81463623046875,53.80991744995117,73.33936309814453,74.90802764892578
2021-12-01,388.2964782714844,53.55083465576172,73.38668060302734,74.91675567626953
2021-12-02,394.2206726074219,54.25898742675781,73.39527893066406,74.8206787109375
2021-12-03,390.7336730957031,53.87036895751953,73.67909240722656,74.86431884765625
2021-12-06,395.40179443359375,54.397159576416016,73.48128509521484,74.80319213867188
2021-12-07,403.52880859375,55.44208526611328,73.31791687011719,74.70709228515625
2021-12-08,404.6629638671875,55.571624755859375,73.09432220458984,74.73326873779297
2021-12-09,401.9071044921875,55.15711212158203,73.12871551513672,74.70709228515625
2021-12-10,405.740966796875,55.24347686767578,73.15451049804688,74.74203491210938
2021-12-13,402.1414794921875,54.56986999511719,73.40387725830078,74.7857437133789
2021-12-14,399.4043273925781,54.353973388671875,73.28349304199219,74.74203491210938
2021-12-15,405.6471862792969,54.803043365478516,73.18890380859375,74.76824951171875
2021-12-16,401.9820861816406,54.872127532958984,73.28349304199219,74.82767486572266
2021-12-17,397.81085205078125,54.293521881103516,73.41249084472656,74.792724609375
2021-12-20,393.5083312988281,53.926185607910156,73.29208374023438,74.81019592285156
2021-12-21,400.49188232421875,54.64509201049805,73.2146987915039,74.7664794921875
2021-12-22,404.5373229980469,55.136043548583984,73.29208374023438,74.75776672363281
2021-12-23,407.030517578125,55.44288635253906,73.18081665039062,74.7490005493164
2021-12-27,412.83526611328125,55.846168518066406,73.21531677246094,74.72280883789062
2021-12-28,412.5248107910156,55.78480911254883,73.20670318603516,74.72280883789062
2021-12-29,413.0234375,55.732200622558594,72.96514892578125,74.71401977539062
2021-12-30,411.8567810058594,55.81110763549805,73.12904357910156,74.75776672363281
2021-12-31,410.7278747558594,55.732200622558594,73.1117935180664,74.7490005493164
2022-01-03,413.2491760253906,56.091651916503906,72.62007904052734,74.66162872314453
2022-01-04,413.0798645019531,56.16178512573242,72.61143493652344,74.705322265625
2022-01-05,405.1676330566406,55.60068893432617,72.36129760742188,74.60919189453125
2022-01-06,404.6219787597656,55.44288635253906,72.28361511230469,74.54802703857422
2022-01-07,403.22021484375,55.6883659362793,72.08524322509766,74.53056335449219
2022-01-10,402.69342041015625,55.276302337646484,72.02484130859375,74.48684692382812
2022-01-11,406.22137451171875,56.06534957885742,72.17150115966797,74.5130844116211
2022-01-12,407.43505859375,56.72288131713867,72.14557647705078,74.48684692382812
2022-01-13,401.81842041015625,56.2319221496582,72.26636505126953,74.52182006835938
2022-01-14,401.940673828125,56.1793212890625,71.86956787109375,74.4256820678711
2022-01-18,394.8940734863281,55.34644317626953,71.4209976196289,74.31208801269531
2022-01-19,390.7451171875,55.390281677246094,71.5934829711914,74.3470230102539
2022-01-20,386.44561767578125,55.23248291015625,71.67112731933594,74.3295669555664
2022-01-21,378.8533935546875,54.43467712402344,71.93858337402344,74.39073944091797
2022-01-24,380.43389892578125,53.803443908691406,71.8264389038086,74.4344253540039
2022-01-25,375.8145446777344,53.601802825927734,71.73152923583984,74.39949035644531
2022-01-26,374.9678039550781,53.259891510009766,71.33470916748047,74.26837921142578
2022-01-27,373.0674133300781,52.882904052734375,71.5676040649414,74.20721435546875
2022-01-28,382.2120361328125,53.13715362548828,71.65388488769531,74.23344421386719
2022-01-31,389.2022399902344,54.15412521362305,71.60211944580078,74.23344421386719
2022-02-01,391.74237060546875,54.61878204345703,71.5736083984375,74.22728729248047
2022-02-02,395.47735595703125,54.899330139160156,71.67732238769531,74.24481964111328
2022-02-03,386.2857360839844,54.16289520263672,71.37488555908203,74.18362426757812
2022-02-04,388.1014404296875,54.250572204589844,70.93415832519531,74.03502655029297
2022-02-07,386.8219909667969,54.329471588134766,70.99466705322266,74.05252075195312
2022-02-08,389.954833984375,54.64509201049805,70.7613525390625,73.97382354736328
2022-02-09,395.6749267578125,55.53932571411133,70.81318664550781,73.9651107788086
2022-02-10,388.722412109375,54.9080924987793,70.16513061523438,73.5892105102539
2022-02-11,380.9700927734375,54.15412521362305,70.62310028076172,73.81649780273438
2022-02-14,379.72833251953125,53.829750061035156,70.22561645507812,73.65917205810547
2022-02-15,385.8246765136719,54.81166076660156,70.07872009277344,73.68539428710938
2022-02-16,386.2857360839844,55.057132720947266,70.17372131347656,73.78155517578125
2022-02-17,378.0724792480469,54.294403076171875,70.3293228149414,73.82524871826172
2022-02-18,375.6546325683594,53.95248794555664,70.45026397705078,73.8340072631836
2022-02-22,371.5432434082031,53.3124885559082,70.40707397460938,73.76406860351562
2022-02-23,364.85418701171875,52.786468505859375,70.05279541015625,73.72034454345703
2022-02-24,370.4613952636719,52.11140441894531,70.20831298828125,73.78155517578125
2022-02-25,378.5522766113281,53.294952392578125,70.2688217163086,73.78155517578125
2022-02-28,377.60198974609375,52.611122131347656,70.7872543334961,73.91265869140625
2022-03-01,371.93841552734375,51.629207611083984,71.15855407714844,74.08316802978516
2022-03-02,378.7687072753906,52.17277908325195,70.28443908691406,73.83832550048828
2022-03-03,376.8682861328125,51.37497329711914,70.59600830078125,73.83832550048828
2022-03-04,373.82000732421875,50.18265151977539,70.84697723388672,73.91702270507812
2022-03-07,362.78424072265625,48.58704376220703,70.50079345703125,73.82085418701172
2022-03-08,360.04656982421875,48.867591857910156,70.17191314697266,73.72467041015625
2022-03-09,369.642822265625,50.55086135864258,69.98153686523438,73.68095397949219
2022-03-10,367.9963684082031,49.919639587402344,69.60938262939453,73.61973571777344
2022-03-11,363.30181884765625,49.32347869873047,69.55741882324219,73.59352111816406
2022-03-14,360.6486511230469,49.25334930419922,68.9169921875,73.40116882324219
2022-03-15,368.5609436035156,49.59525680541992,69.02952575683594,73.42741394042969
2022-03-16,376.8023681640625,51.74319076538086,69.13336181640625,73.3574447631836
2022-03-17,381.41229248046875,52.006202697753906,69.19395446777344,73.33121490478516
2022-03-18,385.6271667480469,52.611122131347656,69.39299774169922,73.31372833251953
2022-03-21,385.6459045410156,52.2247314453125,68.6833267211914,73.06890869140625
2022-03-22,390.1241760253906,52.78676223754883,68.51023864746094,73.01644897460938
2022-03-23,385.1003112792969,52.24229431152344,68.82174682617188,73.0776596069336
2022-03-24,390.8244934082031,52.602352142333984,68.73526763916016,73.06015014648438
2022-03-25,392.806884765625,52.56721878051758,68.12943267822266,72.85906982421875
2022-03-28,395.51611328125,52.47061538696289,68.32848358154297,72.78913116455078
2022-03-29,400.5191955566406,53.498077392578125,68.63139343261719,72.82408905029297
2022-03-30,398.0271301269531,53.31367111206055,68.78715515136719,72.8765640258789
2022-03-31,391.91015625,52.46183776855469,68.83909606933594,72.8765640258789
2022-04-01,392.99566650390625,53.03264617919922,68.68989562988281,72.724365234375
2022-04-04,396.32794189453125,53.46295166015625,68.741943359375,72.76808166503906
2022-04-05,391.4286804199219,52.73406982421875,68.04782104492188,72.6368637084961
2022-04-06,387.4639587402344,52.075435638427734,67.83958435058594,72.6893539428711
2022-04-07,389.41802978515625,52.04030990600586,67.70079803466797,72.74185180664062
2022-04-08,388.47406005859375,52.05787658691406,67.33637237548828,72.65438842773438
2022-04-11,381.74346923828125,51.44315719604492,67.02405548095703,72.67186737060547
2022-04-12,380.34649658203125,51.162139892578125,67.24093627929688,72.8555679321289
2022-04-13,384.6415710449219,51.768089294433594,67.31901550292969,72.89054870605469
2022-04-14,379.9688720703125,51.42559814453125,66.85918426513672,72.75933074951172
2022-04-18,380.034912109375,51.23240280151367,66.64225769042969,72.75933074951172
2022-04-19,386.1047058105469,51.3377799987793,66.22581481933594,72.59313201904297
2022-04-20,385.81207275390625,51.52219009399414,66.64225769042969,72.6368637084961
2022-04-21,380.09149169921875,50.85477828979492,66.28656768798828,72.51441192626953
2022-04-22,369.71728515625,50.064430236816406,66.19977569580078,72.49691009521484
2022-04-25,371.7373962402344,49.72195053100586,66.61625671386719,72.61067962646484
2022-04-26,361.1082458496094,48.448604583740234,66.789794921875,72.74185180664062
2022-04-27,362.04266357421875,48.773529052734375,66.58154296875,72.70684814453125
2022-04-28,371.1144104003906,49.49361801147461,66.5555191040039,72.65438842773438
2022-04-29,357.4833984375,49.05453109741211,66.1043472290039,72.51441192626953
2022-05-02,359.7299499511719,48.905250549316406,65.76622772216797,72.50917053222656
2022-05-03,361.28753662109375,49.32676315307617,65.92267608642578,72.47415924072266
2022-05-04,372.2471618652344,50.038089752197266,66.34864044189453,72.66669464111328
2022-05-05,359.1730651855469,48.439823150634766,65.68799591064453,72.5441665649414
2022-05-06,356.9169616699219,47.93925857543945,65.40986633300781,72.53544616699219
2022-05-09,345.40045166015625,46.47271728515625,65.70536804199219,72.71919250488281
2022-05-10,346.2878112792969,46.70983123779297,65.89659881591797,72.67544555664062
2022-05-11,340.70892333984375,46.45515823364258,66.12262725830078,72.68421936035156
2022-05-12,340.4446105957031,46.27952575683594,66.25299835205078,72.78924560546875
2022-05-13,348.4778747558594,47.52652359008789,66.00960540771484,72.76300048828125
2022-05-16,347.231689453125,47.51775360107422,66.11392211914062,72.8067398071289
2022-05-17,354.1794738769531,48.49251174926758,65.72276306152344,72.6491928100586
2022-05-18,340.1519775390625,47.377235412597656,66.00091552734375,72.68421936035156
2022-05-19,337.87701416015625,47.89535903930664,66.1399917602539,72.78924560546875
2022-05-20,337.9619445800781,48.16758728027344,66.33991241455078,72.84172821044922
2022-05-23,344.37152099609375,48.86134719848633,66.10523986816406,72.8067398071289
2022-05-24,341.888916015625,48.47494888305664,66.6441650390625,72.97301483154297
2022-05-25,344.7397155761719,48.55398941040039,66.91363525390625,73.0255126953125
2022-05-26,351.59295654296875,49.133567810058594,66.8440933227539,73.04302215576172
2022-05-27,360.4096374511719,49.757076263427734,67.03530883789062,73.06053924560547
2022-05-31,358.408447265625,49.80097579956055,66.65284729003906,72.94677734375
2022-06-01,355.4065856933594,49.317989349365234,66.35498046875,72.81101989746094
2022-06-02,362.156005859375,50.30153274536133,66.41595458984375,72.82852172851562
2022-06-03,356.2939758300781,49.537532806396484,66.32012176513672,72.80223083496094
2022-06-06,357.2662658691406,49.757076263427734,65.92822265625,72.7059097290039
2022-06-07,360.7590026855469,49.90636444091797,66.15465545654297,72.71466064453125
2022-06-08,356.8131408691406,49.50240707397461,65.88468170166016,72.662109375
2022-06-09,348.42120361328125,48.46615982055664,65.79759216308594,72.60957336425781
2022-06-10,338.19793701171875,47.500179290771484,65.24022674560547,72.30298614501953
2022-06-13,325.16162109375,45.90190887451172,64.18640899658203,71.93514251708984
2022-06-14,324.3498229980469,45.79653549194336,63.838043212890625,71.79498291015625
2022-06-15,328.9942321777344,46.50784683227539,64.56963348388672,72.07527923583984
2022-06-16,318.1856689453125,45.30476379394531,64.70895385742188,72.171630859375
2022-06-17,319.016357421875,45.16424560546875,64.74378967285156,72.15410614013672
2022-06-21,326.83245849609375,45.93621063232422,64.44770812988281,72.12783813476562
2022-06-22,326.143310546875,45.42985916137695,64.97896575927734,72.3380355834961
2022-06-23,329.57000732421875,45.367679595947266,65.29249572753906,72.39936065673828
2022-06-24,339.83099365234375,46.60247039794922,65.17054748535156,72.3818130493164
2022-06-27,338.5566101074219,46.54917907714844,64.85701751708984,72.30298614501953
2022-06-28,331.2408447265625,46.30931854248047,64.89186096191406,72.2854995727539
2022-06-29,331.4039611816406,46.01616668701172,65.26636505126953,72.37306213378906
2022-06-30,328.7878112792969,45.84738540649414,65.54505157470703,72.51321411132812
2022-07-01,332.1621398925781,45.82962417602539,66.0677490234375,72.73149871826172
2022-07-05,332.74981689453125,44.985694885253906,66.18119812011719,72.72271728515625
2022-07-06,333.9535217285156,44.90574264526367,65.77976989746094,72.52110290527344
2022-07-07,338.8539123535156,45.68748092651367,65.59652709960938,72.46849822998047
2022-07-08,338.6548767089844,45.723018646240234,65.37835693359375,72.38082885742188
2022-07-11,334.8255310058594,44.83466720581055,65.62268829345703,72.40709686279297
2022-07-12,331.73565673828125,44.77248764038086,65.73613739013672,72.44218444824219
2022-07-13,330.190673828125,44.71918869018555,65.94557189941406,72.36328887939453
2022-07-14,329.3186340332031,44.11511993408203,65.73613739013672,72.33697509765625
2022-07-15,335.5459289550781,44.66588592529297,65.97174835205078,72.38958740234375
2022-07-18,332.768798828125,44.95014953613281,65.77104949951172,72.34573364257812
2022-07-19,341.8017272949219,46.01616668701172,65.71871185302734,72.2668685913086
2022-07-20,343.9912109375,45.767433166503906,65.65762329101562,72.25807189941406
2022-07-21,347.4698486328125,46.28267288208008,66.19864654541016,72.45975494384766
2022-07-22,344.3040466308594,46.051700592041016,66.73969268798828,72.6438217163086
2022-07-25,344.6451721191406,46.36262512207031,66.4953384399414,72.58246612548828
2022-07-26,340.51263427734375,45.82072830200195,66.51283264160156,72.54737854003906
2022-07-27,349.431884765625,46.797916412353516,66.69605255126953,72.661376953125
2022-07-28,353.8488464355469,47.08218765258789,67.15857696533203,72.81917572021484
2022-07-29,359.03350830078125,47.51747512817383,67.1061782836914,72.8104019165039
2022-08-01,357.95294189453125,47.384212493896484,67.39738464355469,72.80865478515625
2022-08-02,355.6401672363281,46.797916412353516,66.71534729003906,72.55413055419922
2022-08-03,361.19464111328125,47.09994888305664,67.04759979248047,72.58048248291016
2022-08-04,360.9102783203125,47.34868240356445,67.2137451171875,72.67703247070312
2022-08-05,360.1614685058594,47.11771774291992,66.45304107666016,72.37862396240234
2022-08-08,359.8392028808594,47.259857177734375,66.75031280517578,72.4488296508789
2022-08-09,358.41741943359375,47.011112213134766,66.6016845703125,72.37862396240234
2022-08-10,365.92437744140625,47.9882926940918,66.7853012084961,72.4488296508789
2022-08-11,365.92437744140625,48.05936050415039,66.40933990478516,72.42247772216797
2022-08-12,372.1896667480469,48.441341400146484,66.71534729003906,72.4400405883789
2022-08-15,373.78192138671875,48.165958404541016,66.7853012084961,72.50145721435547
2022-08-16,374.43597412109375,48.19261932373047,66.6978759765625,72.4400405883789
2022-08-17,371.87677001953125,47.85504150390625,66.30438995361328,72.37862396240234
2022-08-18,373.02362060546875,47.66848373413086,66.42680358886719,72.4839096069336
2022-08-19,367.8768615722656,47.02888107299805,66.00708770751953,72.4312744140625
2022-08-22,360.1235046386719,46.35374069213867,65.70977783203125,72.33472442626953
2022-08-23,359.2705078125,46.47810745239258,65.6835708618164,72.36981964111328
2022-08-24,360.3604431152344,46.56693649291992,65.51744842529297,72.29081726074219
2022-08-25,365.611572265625,47.17989730834961,65.87594604492188,72.33472442626953
2022-08-26,353.0810546875,46.105003356933594,65.74478149414062,72.31718444824219
2022-08-29,350.7493591308594,45.97175598144531,65.447509765625,72.2645034790039
2022-08-30,346.9390563964844,45.5631103515625,65.49996948242188,72.22940063476562
2022-08-31,344.2092590332031,45.38544464111328,65.2289047241211,72.22065734863281
2022-09-01,345.27081298828125,44.88797378540039,64.87490844726562,72.16792297363281
2022-09-02,341.6501159667969,44.612579345703125,65.0414047241211,72.32608795166016
2022-09-06,340.5031433105469,44.32831573486328,64.454345703125,72.16792297363281
2022-09-07,346.6072082519531,44.710304260253906,64.91873168945312,72.27336883544922
2022-09-08,348.8726501464844,44.72807312011719,64.71720886230469,72.18548583984375
2022-09-09,354.2564392089844,45.69636154174805,64.69088745117188,72.12401580810547
2022-09-12,358.1519470214844,46.30044174194336,64.6120376586914,72.11518859863281
2022-09-13,342.5315246582031,44.7458381652832,64.28784942626953,71.86917877197266
2022-09-14,343.81121826171875,44.967926025390625,64.36672973632812,71.80767059326172
2022-09-15,339.97235107421875,44.52375793457031,64.17391204833984,71.72856140136719
2022-09-16,337.2994384765625,44.186180114746094,64.10383605957031,71.76371002197266
2022-09-19,339.8870544433594,44.40059280395508,64.06004333496094,71.68461608886719
2022-09-20,336.0577697753906,43.77523422241211,63.744606018066406,71.64949035644531
2022-09-21,330.14324951171875,43.14986801147461,63.91985321044922,71.58797454833984
2022-09-22,327.3565368652344,43.01586151123047,63.26268005371094,71.45616149902344
2022-09-23,321.9159851074219,41.71154022216797,63.08744430541992,71.36829376220703
2022-09-26,318.7975769042969,41.068321228027344,62.281307220458984,71.21013641357422
2022-09-27,317.89715576171875,40.871768951416016,62.00971221923828,71.21013641357422
2022-09-28,324.14141845703125,41.65794372558594,62.97355651855469,71.5176773071289
2022-09-29,317.3820495605469,41.01470947265625,62.64934539794922,71.42103576660156
2022-09-30,312.5458984375,40.889644622802734,62.500370025634766,71.35951232910156
2022-10-03,320.80938720703125,41.7562141418457,63.02373504638672,71.51615142822266
2022-10-04,330.54840087890625,43.23921585083008,63.181819915771484,71.54252624511719
2022-10-05,329.9771423339844,42.855064392089844,62.84810256958008,71.47211456298828
2022-10-06,326.5023498535156,42.26543426513672,62.61100387573242,71.38414001464844
2022-10-07,317.33447265625,41.53287124633789,62.2861328125,71.29617309570312
2022-10-10,314.96392822265625,41.21125793457031,62.005096435546875,71.26976776123047
2022-10-11,312.8885498046875,40.666297912597656,62.02265930175781,71.30496215820312
2022-10-12,311.91748046875,40.603759765625,62.092899322509766,71.37533569335938
2022-10-13,320.08575439453125,41.25593185424805,61.87342071533203,71.16416931152344
2022-10-14,312.8790283203125,40.603759765625,61.5748176574707,71.1290054321289
2022-10-17,320.828369140625,41.64900588989258,61.70650100708008,71.2081527709961
2022-10-18,324.6078186035156,41.86342239379883,61.8470458984375,71.24336242675781
2022-10-19,322.3611145019531,41.26485824584961,61.337711334228516,71.11136627197266
2022-10-20,319.7145080566406,41.30952072143555,60.925010681152344,71.0322036743164
2022-10-21,327.3972473144531,42.02422332763672,61.03038024902344,71.21696472167969
2022-10-24,331.38623046875,41.55967330932617,60.942562103271484,71.19937896728516
2022-10-25,336.7745666503906,42.27437210083008,61.52212905883789,71.26976776123047
2022-10-26,334.26123046875,42.76572036743164,61.76799392700195,71.33134460449219
2022-10-27,332.47149658203125,42.43517303466797,62.092899322509766,71.48092651367188
2022-10-28,340.2303466796875,42.640647888183594,61.96997833251953,71.37533569335938
2022-10-31,337.9170227050781,42.28330612182617,61.77677536010742,71.26976776123047
2022-11-01,336.5556335449219,42.74784851074219,61.84104919433594,71.20016479492188
2022-11-02,327.9683837890625,42.21182632446289,61.74422073364258,71.16488647460938
2022-11-03,324.47454833984375,42.05996322631836,61.5065803527832,71.03264617919922
2022-11-04,329.22515869140625,43.668025970458984,61.52418518066406,71.11200714111328
2022-11-07,332.38580322265625,43.79309844970703,61.28653335571289,71.05030059814453
2022-11-08,334.1946716308594,44.26658630371094,61.55936813354492,71.12081146240234
2022-11-09,327.36871337890625,43.551883697509766,61.647403717041016,71.2353744506836
2022-11-10,345.2855529785156,45.69598388671875,62.923641204833984,71.62321472167969
2022-11-11,348.5890197753906,46.60721206665039,62.923641204833984,71.60558319091797
2022-11-14,345.7901306152344,46.1605339050293,62.72121047973633,71.54389190673828
2022-11-15,348.64617919921875,46.62508773803711,63.16128158569336,71.61438751220703
2022-11-16,345.9996032714844,46.28561019897461,63.52214813232422,71.62321472167969
2022-11-17,344.9999084472656,46.32134246826172,63.258113861083984,71.53507995605469
2022-11-18,346.52313232421875,46.267738342285156,63.152496337890625,71.45572662353516
2022-11-21,345.30462646484375,45.88359451293945,63.152496337890625,71.43812561035156
2022-11-22,349.90283203125,46.42854690551758,63.47815704345703,71.49100494384766
2022-11-23,352.09246826171875,46.90205001831055,63.86543655395508,71.55271911621094
2022-11-25,352.0543518066406,47.00923538208008,63.86543655395508,71.5615234375
2022-11-28,346.485107421875,46.48215866088867,63.7862434387207,71.57911682128906
2022-11-29,345.87579345703125,46.848426818847656,63.54856491088867,71.55271911621094
2022-11-30,356.5193176269531,47.79540252685547,64.04148864746094,71.76424407958984
2022-12-01,356.56695556640625,48.04554748535156,64.5751953125,71.91880798339844
2022-12-02,356.0528869628906,48.0902214050293,64.83987426757812,71.9011459350586
2022-12-05,349.7124938964844,47.42913055419922,64.32818603515625,71.69800567626953
2022-12-06,344.6572570800781,47.214717864990234,64.5398941040039,71.77748107910156
2022-12-07,343.9908142089844,47.10751724243164,65.10450744628906,71.9276351928711
2022-12-08,346.70404052734375,47.446990966796875,64.91924285888672,71.85697937011719
2022-12-09,344.1717529296875,47.37552261352539,64.5398941040039,71.8216552734375
2022-12-12,349.0840759277344,47.411258697509766,64.5398941040039,71.77748107910156
2022-12-13,351.6640930175781,47.97407913208008,64.98098754882812,71.98944854736328
2022-12-14,349.54107666015625,47.91154479980469,65.13978576660156,71.9982681274414
2022-12-15,340.9443664550781,46.76803207397461,65.175048828125,72.00804138183594
2022-12-16,336.87933349609375,46.508949279785156,65.00745391845703,72.0788345336914
2022-12-19,333.9756774902344,46.45378875732422,64.6192855834961,71.99031829833984
2022-12-20,334.4845275878906,46.598480224609375,64.19585418701172,71.99031829833984
2022-12-21,339.4874572753906,47.041587829589844,64.34581756591797,72.06114196777344
2022-12-22,334.71417236328125,46.67986297607422,64.3370132446289,72.01685333251953
2022-12-23,336.5889892578125,46.78837966918945,64.1353988647461,71.98143005371094
2022-12-27,335.24981689453125,47.041587829589844,63.64020538330078,71.88411712646484
2022-12-28,331.1365966796875,46.480918884277344,63.55179214477539,71.88411712646484
2022-12-29,337.0099182128906,47.24052810668945,63.790523529052734,71.93720245361328
2022-12-30,336.0820617675781,46.770294189453125,63.525245666503906,71.84869384765625
2023-01-03,334.79071044921875,47.08679962158203,63.86126708984375,71.91065979003906
2023-01-04,337.2012023925781,47.89162826538086,64.22379302978516,71.98143005371094
2023-01-05,333.5184326171875,47.47564697265625,64.15309143066406,71.88411712646484
2023-01-06,341.10406494140625,48.58793640136719,64.86048889160156,72.15850067138672
2023-01-09,340.8553161621094,48.850181579589844,65.03734588623047,72.22930145263672
2023-01-10,343.2850341796875,49.049129486083984,64.78091430664062,72.16734313964844
2023-01-11,347.6661682128906,49.3475456237793,65.12577056884766,72.22930145263672
2023-01-12,348.967041015625,49.94437026977539,65.62977600097656,72.38865661621094
2023-01-13,350.32537841796875,50.22471618652344,65.4087142944336,72.26472473144531
2023-01-17,349.78973388671875,50.260887145996094,65.32032775878906,72.3089828491211
2023-01-18,344.1076354980469,49.989593505859375,65.92159271240234,72.4682846069336
2023-01-19,341.6301574707031,50.08906173706055,65.78897857666016,72.45060729980469
2023-01-20,347.9148254394531,50.58643341064453,65.49716186523438,72.38865661621094
2023-01-23,352.1524353027344,50.83059310913086,65.33797454833984,72.31782531738281
2023-01-24,351.7794189453125,50.839637756347656,65.62977600097656,72.34437561035156
2023-01-25,351.90374755859375,51.04762649536133,65.70935821533203,72.38865661621094
2023-01-26,355.6630554199219,51.22848892211914,65.58557891845703,72.34437561035156
2023-01-27,356.6770324707031,51.110923767089844,65.51483917236328,72.34437561035156
2023-01-30,352.21942138671875,50.57737731933594,65.32913208007812,72.2735824584961
2023-01-31,357.2222595214844,50.83059310913086,65.62977600097656,72.40635681152344
2023-02-01,361.1346435546875,51.30986785888672,66.05169677734375,72.53226470947266
2023-02-02,366.30975341796875,51.183258056640625,66.09600830078125,72.54116821289062
2023-02-03,362.3973693847656,50.57737731933594,65.51103210449219,72.27510833740234
2023-02-06,360.3023986816406,50.05289077758789,65.1032943725586,72.07113647460938
2023-02-07,364.95135498046875,50.39653015136719,65.0146484375,72.10662078857422
2023-02-08,360.952880859375,50.17045211791992,65.1298828125,72.13320922851562
2023-02-09,357.8631591796875,50.260887145996094,64.86397552490234,72.07999420166016
2023-02-10,358.733642578125,50.0257682800293,64.5892105102539,72.04454040527344
2023-02-13,362.8756103515625,50.45079040527344,64.7665023803711,72.06227111816406
2023-02-14,362.7416687011719,50.4598274230957,64.54486846923828,71.9114990234375
2023-02-15,363.9566345214844,50.20662307739258,64.403076171875,71.92035675048828
2023-02-16,358.8962707519531,50.0076789855957,64.15489196777344,71.92925262451172
2023-02-17,357.9684143066406,49.96246337890625,64.29666900634766,71.99132537841797
2023-02-21,350.861083984375,49.374671936035156,63.738277435302734,71.84941101074219
2023-02-22,350.4210205078125,49.09434509277344,63.880126953125,71.88490295410156
2023-02-23,352.1811218261719,49.3475456237793,64.1105728149414,71.92925262451172
2023-02-24,348.4122314453125,48.53367614746094,63.75601577758789,71.77848815917969
2023-02-27,349.6175231933594,49.00391387939453,63.86237716674805,71.84056091308594
2023-02-28,348.29742431640625,48.6602783203125,63.880126953125,71.82281494140625
2023-03-01,347.0252990722656,49.15764236450195,63.501678466796875,71.6913070678711
2023-03-02,349.6175231933594,49.26616287231445,63.368412017822266,71.71797180175781
2023-03-03,355.1560363769531,49.890113830566406,63.85702133178711,71.76244354248047
2023-03-06,355.5865478515625,49.78160095214844,63.705989837646484,71.72684478759766
2023-03-07,350.0862121582031,48.93156814575195,63.63493347167969,71.5758056640625
2023-03-08,350.6314697265625,49.15764236450195,63.58163070678711,71.54027557373047
2023-03-09,344.2128601074219,48.58793640136719,63.79481506347656,71.77129364013672
2023-03-10,339.2769775390625,48.17195510864258,64.558837890625,72.16227722167969
2023-03-13,338.7030029296875,47.94588088989258,65.0740966796875,72.88201904296875
2023-03-14,344.32763671875,48.370906829833984,64.66545867919922,72.60655975341797
2023-03-15,342.2040710449219,47.113929748535156,65.33171844482422,73.0330810546875
2023-03-16,348.0583190917969,47.792152404785156,65.02079772949219,72.7398452758789
2023-03-17,344.2511901855469,47.32191848754883,65.49164581298828,73.10417938232422
2023-03-20,347.36004638671875,47.902915954589844,65.20733642578125,73.01533508300781
2023-03-21,351.90374755859375,48.47393798828125,65.02967834472656,72.7398452758789
2023-03-22,346.0686340332031,48.347049713134766,65.60714721679688,73.0774917602539
2023-03-23,346.89129638671875,48.53738784790039,65.75817108154297,73.29077911376953
2023-03-24,349.2032470703125,48.410491943359375,65.89141845703125,73.32632446289062
2023-03-27,349.779541015625,48.664283752441406,65.20733642578125,73.01533508300781
2023-03-28,349.1648254394531,48.86369705200195,65.09185028076172,72.9353256225586
2023-03-29,354.13067626953125,49.32594680786133,65.16294860839844,72.90868377685547
2023-03-30,356.2438049316406,49.86978530883789,65.25178527832031,72.91757202148438
2023-03-31,361.21923828125,50.0420036315918,65.58936309814453,73.00643920898438
2023-04-03,362.65045166015625,50.40456008911133,65.86811828613281,73.09546661376953
2023-04-04,360.60455322265625,50.37737274169922,66.13529205322266,73.26468658447266
2023-04-05,359.73040771484375,50.02386474609375,66.31341552734375,73.36264038085938
2023-04-06,361.10400390625,50.19609832763672,66.29560089111328,73.33592987060547
2023-04-10,361.497802734375,50.23234939575195,65.85029602050781,73.07767486572266
2023-04-11,361.54583740234375,50.45894241333008,65.87702941894531,73.06876373291016
2023-04-12,360.1050109863281,50.59490203857422,65.94828033447266,73.14892578125
2023-04-13,364.7731628417969,51.25656509399414,65.91264343261719,73.19343566894531
2023-04-14,364.02392578125,51.0481071472168,65.61875915527344,73.02424621582031
2023-04-17,365.2629699707031,51.0481071472168,65.26252746582031,72.9173583984375
2023-04-18,365.5127258300781,51.211246490478516,65.36048889160156,72.8995590209961
2023-04-19,365.49346923828125,50.903079986572266,65.27141571044922,72.83721160888672
2023-04-20,363.4284362792969,50.89401626586914,65.55640411376953,73.01534271240234
2023-04-21,363.6397399902344,50.903079986572266,65.4406509399414,72.97077941894531
2023-04-24,364.1199951171875,50.9755973815918,65.69892120361328,73.05093383789062
2023-04-25,358.36651611328125,50.16889190673828,66.12638854980469,73.33592987060547
2023-04-26,356.7720642089844,50.23234939575195,65.89485168457031,73.24686431884766
2023-04-27,363.8510437011719,50.875885009765625,65.60984802246094,73.10437774658203
2023-04-28,366.9631042480469,50.98465347290039,65.97499084472656,73.18455505371094
2023-05-01,366.71337890625,50.884952545166016,65.29649353027344,73.0247573852539
2023-05-02,362.60235595703125,50.350181579589844,65.93927764892578,73.26575469970703
2023-05-03,360.07623291015625,50.41362380981445,66.21604919433594,73.44429016113281
2023-05-04,357.4444580078125,50.50426483154297,66.12676239013672,73.56034088134766
2023-05-05,364.0046691894531,51.22937774658203,65.88573455810547,73.38182830810547
2023-05-08,364.2064208984375,51.2656364440918,65.57323455810547,73.26575469970703
2023-05-09,362.6311950683594,51.02997589111328,65.50182342529297,73.24790954589844
2023-05-10,364.2160339355469,50.99371337890625,65.90355682373047,73.42642211914062
2023-05-11,363.70697021484375,50.776180267333984,66.11783599853516,73.47105407714844
2023-05-12,363.21710205078125,50.54957962036133,65.76966094970703,73.34609985351562
2023-05-15,364.4753723144531,51.084354400634766,65.60002136230469,73.35504150390625
2023-05-16,362.064453125,50.603973388671875,65.43933868408203,73.26575469970703
2023-05-17,366.3868408203125,50.86682891845703,65.32325744628906,73.18540954589844
2023-05-18,369.969482421875,50.703670501708984,65.05547332763672,73.0515365600586
2023-05-19,369.383544921875,50.875885009765625,64.87689208984375,72.99797821044922
2023-05-22,369.58526611328125,51.02997589111328,64.85904693603516,72.97117614746094
2023-05-23,365.455078125,50.28672790527344,64.90367126464844,72.9622573852539
2023-05-24,362.7176513671875,49.68851089477539,64.72511291503906,72.87299346923828
2023-05-25,365.8777770996094,49.561614990234375,64.48406219482422,72.71234130859375
2023-05-26,370.6322021484375,50.14170837402344,64.56440734863281,72.69449615478516
2023-05-30,370.74749755859375,49.670387268066406,64.99295043945312,72.8373031616211
2023-05-31,368.73046875,49.19905090332031,65.20721435546875,72.9087142944336
2023-06-01,372.2651062011719,49.9694938659668,65.38352966308594,73.0223617553711
2023-06-02,377.7303771972656,50.703670501708984,65.01654815673828,72.8165512084961
2023-06-05,377.00042724609375,50.47706985473633,65.02552032470703,72.83444213867188
2023-06-06,377.7784423828125,50.903079986572266,65.11502838134766,72.79864501953125
2023-06-07,376.53936767578125,50.52239990234375,64.74806213378906,72.74494934082031
2023-06-08,378.7966003417969,50.966522216796875,65.07027435302734,72.8613052368164
2023-06-09,379.4305114746094,51.002777099609375,64.93601989746094,72.72705841064453
2023-06-12,382.9172058105469,51.18406295776367,65.07027435302734,72.78970336914062
2023-06-13,385.4433288574219,51.66444396972656,64.78386688232422,72.65548706054688
2023-06-14,385.7410888671875,51.872920989990234,64.83756256103516,72.61076354980469
2023-06-15,390.68768310546875,52.353309631347656,65.2403335571289,72.76286315917969
2023-06-16,389.2469482421875,52.226402282714844,65.0971450805664,72.66444396972656
2023-06-20,387.4507751464844,51.46412658691406,65.18661499023438,72.69129180908203
2023-06-21,385.328125,51.50993347167969,65.29402160644531,72.69129180908203
2023-06-22,386.7303771972656,51.23505783081055,64.98076629638672,72.61076354980469
2023-06-23,383.82965087890625,50.43794631958008,65.1687240600586,72.67340087890625
2023-06-26,382.24481201171875,50.56621551513672,65.2492904663086,72.72705841064453
2023-06-27,386.48065185546875,50.99685287475586,65.12397003173828,72.61968994140625
2023-06-28,386.6535339355469,50.94186782836914,65.32984924316406,72.70023345947266
2023-06-29,388.1346740722656,50.850250244140625,64.83756256103516,72.52128601074219
2023-06-30,392.7343444824219,51.381656646728516,65.06133270263672,72.54812622070312
2023-07-03,393.4864501953125,51.592384338378906,64.8764877319336,72.46379089355469
2023-07-05,392.6090087890625,51.097625732421875,64.6072769165039,72.44587707519531
2023-07-06,389.4075622558594,50.18141555786133,64.19451141357422,72.4010009765625
2023-07-07,388.5011901855469,50.6670036315918,64.15861511230469,72.48175811767578
2023-07-10,389.54254150390625,50.74946212768555,64.38291931152344,72.58939361572266
2023-07-11,392.0401306152344,51.24421691894531,64.51753234863281,72.5804214477539
2023-07-12,395.1257629394531,52.19709777832031,65.02901458740234,72.79570007324219
2023-07-13,398.3465270996094,52.93922424316406,65.42385864257812,73.00202941894531
2023-07-14,398.0283203125,52.64604187011719,65.11873626708984,72.81363677978516
2023-07-17,399.41680908203125,52.67352294921875,65.19053649902344,72.84056091308594
2023-07-18,402.4447326660156,52.829288482666016,65.27127838134766,72.84056091308594
2023-07-19,403.3126220703125,52.80180358886719,65.42385864257812,72.86748504638672
2023-07-20,400.6800842285156,52.499446868896484,65.11873626708984,72.77775573730469
2023-07-21,400.72833251953125,52.58190155029297,65.16365814208984,72.7867202758789
2023-07-24,402.4254455566406,52.69185256958008,65.05594635009766,72.69703674316406
2023-07-25,403.61151123046875,52.8934211730957,64.9841537475586,72.68804168701172
2023-07-26,403.7079162597656,53.067501068115234,65.19951629638672,72.75985717773438
2023-07-27,400.9693298339844,52.72850036621094,64.64315032958984,72.65218353271484
2023-07-28,404.8747253417969,53.3790168762207,64.86750793457031,72.75086212158203
2023-07-31,405.6557922363281,53.3790168762207,64.9841537475586,72.76879119873047
2023-08-01,404.4022521972656,52.746826171875,64.58198547363281,72.70764923095703
2023-08-02,398.7997131347656,51.72066116333008,64.37505340576172,72.74362182617188
2023-08-03,397.6715393066406,51.65652084350586,63.97917556762695,72.77059936523438
2023-08-04,395.7236022949219,51.7939567565918,64.5099868774414,72.91448974609375
2023-08-07,399.29150390625,52.07798767089844,64.41101837158203,72.94146728515625
2023-08-08,397.5654296875,51.647361755371094,64.64495086669922,72.97744750976562
2023-08-09,394.9233093261719,51.693172454833984,64.6629409790039,72.93247985839844
2023-08-10,395.1546936035156,51.83060073852539,64.30307006835938,72.8965072631836
2023-08-11,394.78826904296875,51.42747116088867,64.09611511230469,72.82457733154297
2023-08-14,397.0157775878906,51.19841003417969,64.01515197753906,72.7616195678711
2023-08-15,392.4643859863281,50.56621551513672,63.87116622924805,72.78857421875
2023-08-16,389.56182861328125,50.172245025634766,63.69124221801758,72.75260162353516
2023-08-17,386.4086608886719,49.95235061645508,63.628273010253906,72.83354949951172
2023-08-18,386.7654113769531,49.86989212036133,63.76323318481445,72.86051940917969
2023-08-21,389.3207702636719,50.016483306884766,63.45731735229492,72.77958679199219
2023-08-22,388.23114013671875,49.92486572265625,63.53830337524414,72.74362182617188
2023-08-23,392.4161376953125,50.520408630371094,64.1141357421875,72.87850952148438
2023-08-24,387.1993408203125,49.96151351928711,63.961177825927734,72.83354949951172
2023-08-25,389.764404296875,50.22721862792969,63.961177825927734,72.78857421875
2023-08-28,392.32928466796875,50.694488525390625,64.078125,72.83354949951172
2023-08-29,397.9029846191406,51.345008850097656,64.4739990234375,72.99542236328125
2023-08-30,399.56146240234375,51.32667922973633,64.44701385498047,72.99542236328125
2023-08-31,399.0504150390625,51.03348922729492,64.55498504638672,73.06739807128906
2023-09-01,399.89898681640625,51.24421691894531,64.24463653564453,73.02770233154297
2023-09-05,398.15362548828125,50.804443359375,63.892799377441406,72.93753814697266
2023-09-06,395.4053649902344,50.6303596496582,63.82059097290039,72.85643005371094
2023-09-07,394.22894287109375,50.34633255004883,64.03713989257812,72.99166107177734
2023-09-08,394.7689514160156,50.31884002685547,64.05516815185547,72.9555892944336
2023-09-11,397.3629455566406,50.886898040771484,63.9559211730957,72.97361755371094
2023-09-12,395.2319030761719,50.67616653442383,64.00102996826172,72.93753814697266
2023-09-13,395.6947326660156,50.56621551513672,64.10028839111328,73.00067901611328
2023-09-14,399.1179504394531,51.12510681152344,63.992008209228516,72.98265075683594
2023-09-15,394.1421813964844,51.006004333496094,63.8657341003418,72.94656372070312
2023-09-18,394.57611083984375,50.826393127441406,63.92886734008789,72.93753814697266
2023-09-19,393.785400390625,50.78954315185547,63.793514251708984,72.8834457397461
2023-09-20,390.1017761230469,50.63296127319336,63.71238708496094,72.83837890625
2023-09-21,383.70867919921875,49.79475784301758,63.315391540527344,72.87445068359375
2023-09-22,382.782958984375,49.988189697265625,63.577003479003906,72.94656372070312
2023-09-25,384.37396240234375,49.81318664550781,63.10789489746094,72.91952514648438
2023-09-26,378.73291015625,49.1131477355957,63.04471969604492,72.92853546142578
2023-09-27,378.81964111328125,49.0947151184082,62.819190979003906,72.87445068359375
2023-09-28,381.0295715332031,49.398685455322266,62.98155975341797,73.00067901611328
2023-09-29,380.1197204589844,49.297367095947266,62.95452117919922,73.00968933105469
2023-10-02,380.09063720703125,48.66180419921875,62.52207565307617,72.93649291992188
2023-10-03,374.979736328125,48.06308364868164,62.015464782714844,72.88224792480469
2023-10-04,377.7384948730469,48.035457611083984,62.422576904296875,73.04496765136719
2023-10-05,377.4190979003906,48.36705017089844,62.46778869628906,73.1172866821289
2023-10-06,381.9200744628906,48.965763092041016,62.223533630371094,73.05399322509766
2023-10-09,384.46588134765625,48.86444854736328,62.8568229675293,73.2709732055664
2023-10-10,386.4502258300781,49.52763366699219,62.793479919433594,73.22573852539062
2023-10-11,388.0860595703125,49.730281829833984,63.0829963684082,73.2076644897461
2023-10-12,385.75323486328125,49.251304626464844,62.540157318115234,73.1172866821289
2023-10-13,383.72052001953125,48.90128707885742,62.82965087890625,73.1624755859375
2023-10-16,387.737548828125,49.26973342895508,62.503971099853516,73.1172866821289
2023-10-17,387.74725341796875,49.23289108276367,62.09687042236328,72.95454406738281
2023-10-18,382.5589904785156,48.394683837890625,61.82548522949219,72.95454406738281
2023-10-19,379.3162841796875,48.06308364868164,61.5540657043457,73.05399322509766
2023-10-20,374.5926513671875,47.55648422241211,61.78024673461914,73.17151641845703
2023-10-23,373.9343566894531,47.53805160522461,62.015464782714844,73.21672821044922
2023-10-24,376.7318420410156,47.878868103027344,62.223533630371094,73.19861602783203
2023-10-25,371.4176940917969,47.42752456665039,61.75310516357422,73.1172866821289
2023-10-26,366.8585510253906,47.160404205322266,62.16924285888672,73.26191711425781
2023-10-27,365.23248291015625,47.031455993652344,62.16924285888672,73.3071060180664
2023-10-30,369.626953125,47.61174774169922,62.015464782714844,73.27998352050781
2023-10-31,371.8630065917969,47.63937759399414,61.99734878540039,73.25289916992188
2023-11-01,375.95745849609375,48.10913848876953,62.598960876464844,73.41605377197266
2023-11-02,383.1010437011719,49.08551025390625,62.96189498901367,73.42514038085938
2023-11-03,386.6437683105469,49.748695373535156,63.333900451660156,73.62457275390625
2023-11-06,387.3890686035156,49.69343948364258,63.06170654296875,73.48857116699219
2023-11-07,388.4829406738281,49.38947677612305,63.37928009033203,73.54298400878906
2023-11-08,388.8023681640625,49.24209213256836,63.57889175415039,73.52482604980469
2023-11-09,385.8694152832031,49.14077377319336,63.107051849365234,73.41605377197266
2023-11-10,391.89013671875,49.398685455322266,63.22502517700195,73.43418884277344
2023-11-13,391.4933166503906,49.50000762939453,63.206878662109375,73.4614028930664
2023-11-14,399.01434326171875,50.7526969909668,63.978126525878906,73.75150299072266
2023-11-15,399.8855285644531,50.83559799194336,63.624271392822266,73.61550903320312
2023-11-16,400.44696044921875,50.614540100097656,64.00535583496094,73.74241638183594
2023-11-17,401.0374450683594,51.13956069946289,64.09608459472656,73.68804168701172
2023-11-20,404.0574951171875,51.434326171875,64.18682098388672,73.69710540771484
2023-11-21,403.0024108886719,51.20404052734375,64.2775650024414,73.74241638183594
2023-11-22,404.7447204589844,51.250099182128906,64.33200073242188,73.75150299072266
2023-11-24,404.9673156738281,51.52642822265625,64.02349853515625,73.69710540771484
2023-11-27,404.2607421875,51.369842529296875,64.4136734008789,73.78775787353516
2023-11-28,404.6575927734375,51.54484939575195,64.68587493896484,73.92375183105469
2023-11-29,404.3962707519531,51.52642822265625,65.02162170410156,74.06880950927734
2023-11-30,405.96435546875,51.563270568847656,64.81289672851562,74.02346801757812
2023-12-01,408.3455505371094,52.03303146362305,65.341552734375,74.23898315429688
2023-12-04,406.29345703125,51.57248306274414,65.07769775390625,74.1298828125
2023-12-05,406.1676025390625,51.40668487548828,65.49626159667969,74.2208251953125
2023-12-06,404.47369384765625,51.461944580078125,65.68734741210938,74.20262145996094
2023-12-07,407.638916015625,51.71986389160156,65.66915130615234,74.25717163085938
2023-12-08,409.37158203125,51.71064758300781,65.35067749023438,74.09349822998047
2023-12-11,410.9590148925781,51.8211784362793,65.35977172851562,74.1116714477539
2023-12-12,413.00146484375,51.87644577026367,65.55086517333984,74.12078857421875
2023-12-13,418.6253662109375,52.631752014160156,66.38796997070312,74.49361419677734
2023-12-14,419.85467529296875,53.165992736816406,66.88845825195312,74.621337890625
2023-12-15,419.2158203125,52.687015533447266,66.78836822509766,74.53919219970703
2023-12-18,421.58734130859375,52.78705596923828,66.65186309814453,74.53009033203125
2023-12-19,424.1524353027344,53.26388168334961,66.77924346923828,74.55746459960938
2023-12-20,418.030029296875,52.590721130371094,66.99763488769531,74.6578140258789
2023-12-21,422.1025390625,53.516319274902344,66.98854064941406,74.73079681396484
2023-12-22,423.08428955078125,53.535011291503906,66.94380950927734,74.7581558227539
2023-12-26,424.8434753417969,53.79679489135742,67.00770568847656,74.72166442871094
2023-12-27,425.6210632324219,54.124027252197266,67.43660736083984,74.8128890991211
2023-12-28,425.6890563964844,54.152076721191406,67.27232360839844,74.80377197265625
2023-12-29,424.5518493652344,54.189476013183594,67.11720275878906,74.84026336669922
2024-01-02,421.8401184082031,53.57241439819336,66.83431243896484,74.74903869628906
2024-01-03,418.7104187011719,53.2358283996582,66.8890609741211,74.76726531982422
2024-01-04,417.3885498046875,53.26388168334961,66.58792114257812,74.72166442871094
2024-01-05,417.9231872558594,53.30127716064453,66.38716125488281,74.70341491699219
2024-01-08,423.9006652832031,53.74070739746094,66.67919158935547,74.76726531982422
2024-01-09,422.87042236328125,53.217132568359375,66.6700439453125,74.7855224609375
2024-01-10,425.6598815917969,53.45086669921875,66.55144500732422,74.7855224609375
2024-01-11,425.51416015625,53.47891616821289,66.89820861816406,74.95884704589844
2024-01-12,425.70849609375,53.66590881347656,67.03509521484375,75.1139144897461
2024-01-16,424.2603454589844,52.693565368652344,66.5605697631836,74.99534606933594
2024-01-17,421.8984680175781,52.11389923095703,66.40543365478516,74.84938049316406
2024-01-18,425.6501770019531,52.506568908691406,66.31417083740234,74.88587951660156
2024-01-19,430.85992431640625,52.76835250854492,66.31417083740234,74.83113861083984
2024-01-22,431.8415832519531,52.74031448364258,66.42366790771484,74.86761474609375
2024-01-23,433.1245422363281,52.777713775634766,66.26856231689453,74.85848999023438
2024-01-24,433.4841613769531,53.15168380737305,66.13166046142578,74.8219985961914
2024-01-25,435.923828125,53.291927337646484,66.4419174194336,74.95884704589844
2024-01-26,435.6614074707031,53.4602165222168,66.341552734375,74.91321563720703
2024-01-29,438.83001708984375,53.712650299072266,66.60617065429688,74.9862060546875
2024-01-30,438.5189514160156,53.54436492919922,66.7248306274414,74.94060516357422
2024-01-31,431.3750305175781,53.26388168334961,67.00770568847656,75.07743835449219
2024-02-01,437.0513000488281,53.759403228759766,67.41222381591797,75.18905639648438
2024-02-02,441.5417785644531,53.38542556762695,66.80818176269531,74.95118713378906
2024-02-05,439.9283142089844,53.15168380737305,66.27738952636719,74.8047866821289
2024-02-06,441.2987365722656,53.712650299072266,66.58854675292969,74.92373657226562
2024-02-07,444.9241943359375,53.72200393676758,66.46043395996094,74.89629364013672
2024-02-08,445.2254943847656,53.58176040649414,66.28654479980469,74.87798309326172
2024-02-09,447.7525939941406,53.80614471435547,66.23162841796875,74.85054016113281
2024-02-12,447.5484313964844,53.965091705322266,66.24993133544922,74.85967254638672
2024-02-13,441.24041748046875,53.011444091796875,65.6733627319336,74.621826171875
2024-02-14,445.4393310546875,53.66590881347656,65.92046356201172,74.73159790039062
2024-02-15,448.4523620605469,54.189476013183594,66.10348510742188,74.8047866821289
2024-02-16,446.1585693359375,54.301666259765625,65.89300537109375,74.71328735351562
2024-02-20,443.7091979980469,54.46995544433594,65.97537994384766,74.75902557373047
2024-02-21,444.1563720703125,54.52605438232422,65.7923355102539,74.69498443603516
2024-02-22,453.4870910644531,55.08702087402344,65.81978607177734,74.68585205078125
2024-02-23,453.6911926269531,55.115074157714844,66.0577621459961,74.72245788574219
2024-02-26,452.0292053222656,54.9935302734375,65.93880462646484,74.66757202148438
2024-02-27,452.86505126953125,55.09637451171875,65.83808898925781,74.66757202148438
2024-02-28,452.1652526855469,54.6943473815918,65.9845199584961,74.7407455444336
2024-02-29,453.8370666503906,54.81589126586914,66.09435272216797,74.78646850585938
2024-03-01,458.2108154296875,55.44230270385742,66.37149810791016,74.93330383300781
2024-03-04,457.6665344238281,55.274009704589844,66.21549224853516,74.85990142822266
2024-03-05,453.0788879394531,55.068328857421875,66.57340240478516,74.91497039794922
2024-03-06,455.4796447753906,55.77888107299805,66.69271087646484,74.93330383300781
2024-03-07,459.9895324707031,56.311805725097656,66.80284881591797,75.02509307861328
2024-03-08,457.2000732421875,56.152862548828125,66.8670883178711,75.0617904663086
2024-03-11,456.8209228515625,55.96587371826172,66.83954620361328,74.99755859375
2024-03-12,461.7098693847656,56.42399597167969,66.6376724243164,74.92411804199219
2024-03-13,461.01007080078125,56.33985137939453,66.52751159667969,74.8874282836914
2024-03-14,459.9992370605469,55.98457336425781,66.13289642333984,74.82318878173828
2024-03-15,456.8306579589844,55.92263412475586,66.0961685180664,74.7773208618164
2024-03-18,459.688232421875,55.932010650634766,66.01358032226562,74.78646850585938
2024-03-19,462.263916015625,55.950782775878906,66.1879653930664,74.85073852539062
2024-03-20,466.2975158691406,56.55139923095703,66.30726623535156,74.97003173828125
2024-03-21,467.8526611328125,56.56078338623047,66.36233520507812,74.97003173828125
2024-03-22,467.2413024902344,56.34493637084961,66.58258819580078,75.02509307861328
2024-03-25,466.03216552734375,56.29801559448242,66.45410919189453,74.98837280273438
2024-03-26,464.7255859375,56.29801559448242,66.50917053222656,75.00670623779297
2024-03-27,468.7819519042969,56.60770797729492,66.73861694335938,75.08932495117188
2024-03-28,468.7234191894531,56.588932037353516,66.65601348876953,75.04341125488281
2024-04-01,468.1091613769531,56.4857063293457,66.20130920410156,74.88691711425781
2024-04-02,465.0473327636719,56.2510871887207,66.12763214111328,74.92374420166016
2024-04-03,465.46661376953125,56.495094299316406,66.1736831665039,74.97900390625
2024-04-04,459.7331237792969,56.11032485961914,66.31175231933594,75.0526351928711
2024-04-05,464.6183166503906,56.31678009033203,65.9803695678711,74.93294525146484
2024-04-08,464.8035888671875,56.59832763671875,65.92514038085938,74.85931396484375
2024-04-09,465.37884521484375,56.748470306396484,66.16446685791016,74.93294525146484
2024-04-10,460.8739929199219,55.950782775878906,65.39127349853516,74.6291275024414
2024-04-11,464.19903564453125,56.14786148071289,65.39127349853516,74.72119903564453
2024-04-12,457.8707580566406,55.171871185302734,65.53853607177734,74.76722717285156
2024-04-15,452.0592041015625,54.918479919433594,65.10591888427734,74.73961639404297
2024-04-16,451.2498474121094,54.299102783203125,64.94023132324219,74.6935806274414
2024-04-17,448.52935791015625,54.336639404296875,65.25318145751953,74.74881744384766
2024-04-18,447.5055236816406,54.34602355957031,65.07828521728516,74.71199798583984
2024-04-19,443.7611999511719,54.32725524902344,65.16116333007812,74.73041534423828
2024-04-22,447.61279296875,54.89033508300781,65.18876647949219,74.76722717285156
2024-04-23,453.258544921875,55.41586685180664,65.30841827392578,74.8316650390625
2024-04-24,452.92706298828125,55.34079360961914,65.14273834228516,74.80406188964844
2024-04-25,451.05487060546875,55.2375602722168,64.9586410522461,74.74881744384766
2024-04-26,455.56951904296875,55.688018798828125,65.10591888427734,74.76722717285156
2024-04-29,457.1589660644531,56.03524398803711,65.2992172241211,74.80406188964844
2024-04-30,449.93353271484375,55.27510070800781,65.05070495605469,74.71199798583984
2024-05-01,448.4709167480469,55.22817611694336,65.28519439697266,74.86164093017578
2024-05-02,452.65399169921875,56.17601776123047,65.54370880126953,74.97245788574219
2024-05-03,458.27056884765625,56.67340087890625,65.87610626220703,75.092529296875
2024-05-06,462.8924560546875,56.983089447021484,65.94072723388672,75.08329010009766
2024-05-07,463.55548095703125,56.94554901123047,66.06998443603516,75.092529296875
2024-05-08,463.57501220703125,56.87047576904297,65.91302490234375,75.07404327392578
2024-05-09,466.2369384765625,57.21769714355469,66.08844757080078,75.13870239257812
2024-05-10,466.81219482421875,57.29277801513672,65.90379333496094,75.07404327392578
2024-05-13,466.84149169921875,57.386627197265625,65.9592056274414,75.092529296875
2024-05-14,469.0549621582031,57.74323654174805,66.15306854248047,75.16643524169922
2024-05-15,474.7689514160156,58.32508087158203,66.57780456542969,75.30496215820312
2024-05-16,473.8620910644531,58.12800216674805,66.46700286865234,75.24956512451172
2024-05-17,474.5641784667969,58.38138961791992,66.30079650878906,75.20337677001953
2024-05-20,475.0321960449219,58.38138961791992,66.2361831665039,75.18490600585938
2024-05-21,476.3096008300781,58.212467193603516,66.37467956542969,75.22185516357422
2024-05-22,474.9249267578125,57.77139663696289,66.29155731201172,75.16643524169922
2024-05-23,471.3951110839844,57.386627197265625,66.09767150878906,75.12947082519531
2024-05-24,474.60321044921875,57.846466064453125,66.17154693603516,75.1572036743164
2024-05-28,474.98345947265625,57.82769775390625,65.8576431274414,75.092529296875
2024-05-29,471.6389465332031,56.861087799072266,65.6175765991211,75.0648193359375
2024-05-30,468.46990966796875,57.21769714355469,65.90379333496094,75.14794921875
2024-05-31,472.5457763671875,57.49924087524414,66.14385223388672,75.24956512451172
2024-06-03,473.0625305175781,57.74323654174805,66.51338195800781,75.33480834960938
2024-06-04,473.6378479003906,57.367862701416016,66.76342010498047,75.40894317626953
2024-06-05,479.3030700683594,57.88400650024414,66.94863891601562,75.48307800292969
2024-06-06,479.1958312988281,58.07170104980469,66.95790100097656,75.49232482910156
2024-06-07,478.57171630859375,57.41477966308594,66.42076110839844,75.29774475097656
2024-06-10,480.1416931152344,57.56493377685547,66.31886291503906,75.30699157714844
2024-06-11,481.2337951660156,57.04878234863281,66.58745574951172,75.39039611816406
2024-06-12,485.24139404296875,57.649391174316406,66.89305877685547,75.49232482910156
2024-06-13,486.1579284667969,57.04878234863281,67.18942260742188,75.6127700805664
2024-06-14,486.5479736328125,56.729705810546875,67.29131317138672,75.62205505371094
2024-06-17,490.4093322753906,56.926788330078125,67.041259765625,75.54792022705078
2024-06-18,491.7159423828125,57.189544677734375,67.27278137207031,75.64986419677734
2024-06-20,490.3508605957031,57.152015686035156,67.14311218261719,75.62205505371094
2024-06-21,489.2782287597656,56.815242767333984,67.16165161132812,75.64986419677734
2024-06-24,487.9618225097656,57.23147201538086,67.19869232177734,75.65912628173828
2024-06-25,489.989990234375,57.23147201538086,67.23574829101562,75.66838836669922
2024-06-26,490.53607177734375,56.89092254638672,66.92086029052734,75.5942611694336
2024-06-27,491.2966613769531,56.99497985839844,67.041259765625,75.64986419677734
2024-06-28,489.4021911621094,57.04227066040039,66.72639465332031,75.65912628173828
2024-07-01,490.52752685546875,57.108497619628906,66.3742904663086,75.59404754638672
2024-07-02,493.7077941894531,57.326072692871094,66.56938934326172,75.65914154052734
2024-07-03,495.9388732910156,58.007171630859375,66.95027160644531,75.77067565917969
2024-07-05,498.9039001464844,58.30042266845703,67.25682067871094,75.9101333618164
2024-07-08,499.38336181640625,58.13014602661133,67.25682067871094,75.9008560180664
2024-07-09,499.9314270019531,58.026092529296875,67.22895812988281,75.88224792480469
2024-07-10,504.7458190917969,58.707191467285156,67.28467559814453,75.9101333618164
2024-07-11,500.420654296875,58.981529235839844,67.61911010742188,76.0867919921875
2024-07-12,503.5128479003906,59.49235153198242,67.79562377929688,76.19834899902344
2024-07-15,505.0393981933594,59.00044250488281,67.58194732666016,76.19834899902344
2024-07-16,507.9065856933594,59.33153533935547,67.84204864501953,76.22624969482422
2024-07-17,500.8120422363281,58.87747573852539,67.9070816040039,76.23553466796875
2024-07-18,497.044677734375,58.309879302978516,67.7305679321289,76.19834899902344
2024-07-19,493.7273254394531,57.92203903198242,67.5540771484375,76.16116333007812
2024-07-22,498.85498046875,58.4517822265625,67.5262222290039,76.17047119140625
2024-07-23,498.0231628417969,58.10176467895508,67.53550720214844,76.20765686035156
2024-07-24,486.62310791015625,57.37336730957031,67.34042358398438,76.24484252929688
2024-07-25,484.1669616699219,57.08957290649414,67.48905944824219,76.2541275024414
2024-07-26,489.597900390625,57.80852127075195,67.75845336914062,76.35639953613281
2024-07-29,489.9599304199219,57.56256103515625,67.84204864501953,76.36571502685547
2024-07-30,487.3961486816406,57.590938568115234,67.92567443847656,76.39360046386719
2024-07-31,495.0777893066406,58.536922454833984,68.29723358154297,76.5516357421875
2024-08-01,488.3258056640625,57.212554931640625,68.55256652832031,76.68408203125
2024-08-02,479.4013671875,56.23820114135742,69.33528900146484,77.11316680908203
2024-08-05,465.0069274902344,54.8949089050293,69.27002716064453,77.09451293945312
2024-08-06,469.645263671875,55.065189361572266,68.84141540527344,77.0012435913086
2024-08-07,466.38665771484375,55.37736129760742,68.67369079589844,76.95460510253906
2024-08-08,477.2681884765625,56.408477783203125,68.5711898803711,76.91728973388672
2024-08-09,479.3133239746094,56.5976676940918,68.81346130371094,76.93594360351562
2024-08-12,479.5579528808594,56.64496612548828,68.9345932006836,76.98259735107422
2024-08-13,487.5233459472656,57.47742462158203,69.19549560546875,77.10382843017578
2024-08-14,489.07916259765625,57.49634552001953,69.32596588134766,77.09451293945312
2024-08-15,497.4752502441406,58.20582962036133,69.03709411621094,76.90795135498047
2024-08-16,498.5223083496094,58.5842170715332,69.18618774414062,76.99190521240234
2024-08-19,503.3171081542969,59.24639129638672,69.27002716064453,76.97325897216797
2024-08-20,502.4853820800781,58.962608337402344,69.47505950927734,77.0851821899414
2024-08-21,504.2467956542969,59.44505310058594,69.62413024902344,77.16912841796875
2024-08-22,500.1662292480469,58.97206115722656,69.34459686279297,77.0665512084961
2024-08-23,505.57757568359375,60.012638092041016,69.65208435058594,77.24375915527344
2024-08-26,504.3349304199219,59.728843688964844,69.5775375366211,77.2064437866211
2024-08-27,505.0101013183594,59.93696212768555,69.5775375366211,77.25306701660156
2024-08-28,502.1233215332031,59.62478256225586,69.53095245361328,77.24375915527344
2024-08-29,502.2016296386719,59.77614212036133,69.42845153808594,77.23441314697266
2024-08-30,506.9280090332031,59.9464225769043,69.2886734008789,77.23441314697266
2024-09-03,496.67279052734375,58.934226989746094,69.58402252197266,77.31680297851562
2024-09-04,495.4398193359375,58.811248779296875,69.89247131347656,77.48530578613281
2024-09-05,494.2166748046875,58.905845642089844,70.06068420410156,77.51337432861328
2024-09-06,485.987060546875,57.81797790527344,70.14482116699219,77.65377044677734
2024-09-09,491.4571533203125,58.413944244384766,70.23826599121094,77.66314697265625
2024-09-10,493.48272705078125,58.17744445800781,70.47195434570312,77.77544403076172
2024-09-11,498.5320739746094,58.50853729248047,70.43456268310547,77.70993041992188
2024-09-12,502.8180847167969,59.03828811645508,70.35978698730469,77.71930694580078
2024-09-13,505.4895935058594,59.19910430908203,70.50931549072266,77.83161163330078
2024-09-16,506.2528076171875,59.58695602416992,70.6962661743164,77.87842559814453
2024-09-17,506.4877014160156,59.39775466918945,70.602783203125,77.82225036621094
2024-09-18,504.8436584472656,59.19910430908203,70.3878173828125,77.79419708251953
2024-09-19,513.6506958007812,60.35319137573242,70.3878173828125,77.85971069335938
2024-09-20,512.6427001953125,59.927581787109375,70.37847900390625,77.88780212402344
2024-09-23,513.9050903320312,60.2410888671875,70.33174133300781,77.88780212402344
2024-09-24,515.3826904296875,61.077110290527344,70.41586303710938,77.9626693725586
2024-09-25,514.3355712890625,60.61159896850586,70.15415954589844,77.89714813232422
2024-09-26,516.3807983398438,62.1031379699707,70.15415954589844,77.82225036621094
2024-09-27,515.7123413085938,61.82762908935547,70.35978698730469,77.94395446777344
2024-09-30,517.9600830078125,61.50461959838867,70.20088195800781,77.83161163330078
2024-10-01,513.1209716796875,61.343116760253906,70.40805053710938,77.88140106201172
2024-10-02,513.209228515625,61.561622619628906,70.27682495117188,77.86261749267578
2024-10-03,512.2374267578125,60.91560363769531,69.96746826171875,77.7593002319336
2024-10-04,516.958984375,61.38111877441406,69.50814819335938,77.4963607788086
2024-10-07,512.3062133789062,61.25761795043945,69.30193328857422,77.39305877685547
2024-10-08,517.1552734375,60.6781005859375,69.40504455566406,77.45880126953125
2024-10-09,520.6890869140625,60.61159896850586,69.21755981445312,77.3836669921875
2024-10-10,519.8153686523438,60.554595947265625,69.18943786621094,77.44939422607422
2024-10-11,522.907470703125,60.90610885620117,69.19879913330078,77.51514434814453
2024-10-14,527.1871948242188,60.9441032409668,69.15193939208984,77.47758483886719
2024-10-15,523.1724243164062,59.97508239746094,69.42377471923828,77.51514434814453
2024-10-16,525.3712158203125,60.279090881347656,69.51753234863281,77.56209564208984
2024-10-17,525.4497680664062,60.18408203125,69.18009185791016,77.4963607788086
2024-10-18,527.4718627929688,60.66859436035156,69.21755981445312,77.56209564208984
2024-10-21,526.6571655273438,60.0700798034668,68.74886322021484,77.44939422607422
2024-10-22,526.2939453125,59.83257293701172,68.7769775390625,77.44001770019531
2024-10-23,521.4940185546875,59.30056381225586,68.60823822021484,77.39305877685547
2024-10-24,522.671875,59.42406463623047,68.72074127197266,77.43062591552734
2024-10-25,522.4656982421875,59.2625617980957,68.58013153076172,77.40245819091797
2024-10-28,524.0951538085938,59.66156768798828,68.49575805664062,77.36488342285156
2024-10-29,524.9295654296875,59.45256805419922,68.55199432373047,77.39305877685547
2024-10-30,523.34912109375,59.10105895996094,68.48638153076172,77.32730865478516
2024-10-31,513.05224609375,58.7590446472168,68.47701263427734,77.34609985351562
2024-11-01,515.2803955078125,58.8255500793457,68.21185302734375,77.32067108154297
2024-11-04,514.1614379882812,59.00606155395508,68.48453521728516,77.377197265625
2024-11-05,520.345458984375,59.65207290649414,68.65377044677734,77.35836791992188
2024-11-06,533.3025512695312,58.9300537109375,68.08959197998047,77.26409912109375
2024-11-07,537.4547729492188,59.94657897949219,68.59737396240234,77.39605712890625
2024-11-08,539.8302001953125,58.94905090332031,68.7290267944336,77.33950805664062
2024-11-11,540.2719116210938,58.873050689697266,68.59737396240234,77.28297424316406
2024-11-12,538.6522827148438,57.904029846191406,68.18362426757812,77.20758819580078
2024-11-13,538.9271240234375,57.60951614379883,68.1554183959961,77.32067108154297
2024-11-14,535.5013427734375,57.54301834106445,68.13662719726562,77.20758819580078
2024-11-15,528.5908813476562,57.39101028442383,68.1554183959961,77.29237365722656
2024-11-18,530.77978515625,57.76152038574219,68.22125244140625,77.34893798828125
2024-11-19,532.7136840820312,57.780521392822266,68.34349060058594,77.34893798828125
2024-11-20,532.9100341796875,57.63801574707031,68.26826477050781,77.31124114990234
2024-11-21,535.599609375,57.6665153503418,68.23064422607422,77.29237365722656
2024-11-22,537.3958740234375,57.866024017333984,68.25884246826172,77.28297424316406
2024-11-25,539.1234130859375,58.0560302734375,68.88887786865234,77.43375396728516
2024-11-26,542.1467895507812,57.76152038574219,68.7666244506836,77.43375396728516
2024-11-27,540.4191284179688,58.01803207397461,68.95470428466797,77.48086547851562
2024-11-29,543.2658081054688,58.626041412353516,69.2085952758789,77.5750961303711
2024-12-02,544.797119140625,58.740047454833984,69.24915313720703,77.57038116455078
2024-12-03,544.9247436523438,58.9870491027832,69.08879089355469,77.57981872558594
2024-12-04,548.3602905273438,58.99654769897461,69.32461547851562,77.6649169921875
2024-12-05,547.4473876953125,59.35755920410156,69.33404541015625,77.6649169921875
2024-12-06,548.5370483398438,59.25305938720703,69.52268981933594,77.74052429199219
2024-12-09,545.6804809570312,59.57606887817383,69.31517791748047,77.71217346191406
2024-12-10,544.129638671875,58.9300537109375,69.23973083496094,77.70272064208984
2024-12-11,548.25244140625,59.29106521606445,69.08879089355469,77.68382263183594
2024-12-12,545.4254150390625,58.7590446472168,68.81529235839844,77.64599609375
2024-12-13,545.3861083984375,58.61655044555664,68.54175567626953,77.60818481445312
2024-12-16,547.52587890625,58.41704559326172,68.61720275878906,77.61763000488281
2024-12-17,545.22900390625,58.20803451538086,68.62665557861328,77.62708282470703
2024-12-18,529.2191162109375,56.82099533081055,68.08903503417969,77.48480224609375
2024-12-19,529.0228271484375,56.82099533081055,67.90038299560547,77.57015228271484
2024-12-20,535.010498046875,56.89346694946289,68.10789489746094,77.57963562011719
2024-12-23,538.8402709960938,57.22200012207031,67.89095306396484,77.5322265625
2024-12-24,544.38427734375,57.405582427978516,67.98841857910156,77.57015228271484
2024-12-26,544.37451171875,57.52153396606445,68.03571319580078,77.58914184570312
2024-12-27,538.73193359375,57.39592361450195,67.893798828125,77.60811614990234
2024-12-30,532.7347412109375,57.00941467285156,68.15875244140625,77.72195434570312
2024-12-31,530.588134765625,56.94178009033203,68.04520416259766,77.76940155029297
2025-01-02,529.2586669921875,56.84515380859375,68.07357025146484,77.75041198730469
2025-01-03,536.0928344726562,57.14469528198242,67.98841857910156,77.75041198730469
2025-01-06,539.2144165039062,57.58917236328125,67.92218017578125,77.76940155029297
2025-01-07,533.1484375,57.32828140258789,67.68560791015625,77.72195434570312
2025-01-08,533.8673095703125,57.202674865722656,67.76131439208984,77.76940155029297
2025-01-10,525.7432250976562,56.26539611816406,67.41119384765625,77.62710571289062
2025-01-13,526.4226684570312,56.05281448364258,67.344970703125,77.64605712890625
2025-01-14,527.09228515625,56.36202621459961,67.39226531982422,77.66504669189453
2025-01-15,536.7328491210938,57.028743743896484,67.93165588378906,77.83580017089844
2025-01-16,535.935302734375,57.21232986450195,68.06412506103516,77.88321685791016
2025-01-17,541.0756225585938,57.492549896240234,68.08304595947266,77.86425018310547
2025-01-21,545.9993286132812,58.47813415527344,68.2817611694336,77.8927001953125
2025-01-22,549.1012573242188,58.35252380371094,68.13980865478516,77.87373352050781
2025-01-23,552.1441040039062,58.72936248779297,68.03571319580078,77.87373352050781
2025-01-24,550.4798583984375,59.01924133300781,68.16822814941406,77.9211654663086
2025-01-27,542.8185424804688,58.671390533447266,68.52778625488281,78.0350112915039
2025-01-28,547.3679809570312,58.73902893066406,68.48993682861328,78.05398559570312
2025-01-29,544.9652709960938,58.748687744140625,68.45207977294922,78.00653076171875
2025-01-30,547.8111572265625,59.45405960083008,68.54669952392578,78.05398559570312
2025-01-31,544.8865966796875,58.8646354675293,68.45207977294922,78.06346893310547
2025-02-03,541.3118896484375,58.27522277832031,68.51377868652344,78.00920867919922
2025-02-04,544.90625,59.01924133300781,68.60872650146484,78.0853500366211
2025-02-05,547.1415405273438,59.40574645996094,68.9599838256836,78.13294982910156
2025-02-06,549.1110229492188,59.6666374206543,68.884033203125,78.1043930053711
2025-02-07,543.7738037109375,59.280128479003906,68.67517852783203,78.01872253417969
2025-02-10,547.6634521484375,59.75360107421875,68.69416809082031,78.05680084228516
2025-02-11,548.1558227539062,59.859893798828125,68.58024597167969,78.03777313232422
2025-02-12,546.3439331054688,60.02415466308594,68.22899627685547,77.93305969238281
2025-02-13,552.114501953125,60.67155075073242,68.63720703125,78.03777313232422
2025-02-14,552.1342163085938,60.787498474121094,68.85555267333984,78.14246368408203
2025-02-18,553.7294311523438,61.145015716552734,68.59923553466797,78.07582092285156
2025-02-19,555.0687866210938,60.73918151855469,68.69416809082031,78.13294982910156
2025-02-20,552.7349243164062,61.10636520385742,68.77960205078125,78.14246368408203
2025-02-21,543.33056640625,60.710201263427734,69.08338928222656,78.27571105957031
2025-02-24,540.7604370117188,60.41065979003906,69.17833709716797,78.33280944824219
2025-02-25,538.0720825195312,60.74885177612305,69.61502838134766,78.4375228881836
2025-02-26,538.4069213867188,60.93244171142578,69.71944427490234,78.46609497070312
2025-02-27,529.7608642578125,60.12078094482422,69.6340103149414,78.49462890625
2025-02-28,537.9932861328125,59.956512451171875,69.92829895019531,78.63740539550781
2025-03-03,528.7268676757812,60.159423828125,70.08922576904297,78.68800354003906
2025-03-04,522.3556518554688,60.188419342041016,69.88927459716797,78.69754791259766
2025-03-05,528.21484375,61.69578170776367,69.64170837402344,78.61160278320312
2025-03-06,518.6333618164062,61.20299530029297,69.5845718383789,78.65935516357422
2025-03-07,521.4299926757812,61.72477722167969,69.50840759277344,78.64981842041016
2025-03-10,507.6436767578125,60.323692321777344,69.83213806152344,78.79302978515625
2025-03-11,503.4781799316406,60.27538299560547,69.56553649902344,78.74528503417969
2025-03-12,505.9203796386719,60.69087600708008,69.4227066040039,78.68800354003906
2025-03-13,499.3127136230469,60.323692321777344,69.6321792602539,78.74528503417969
2025-03-14,509.5638732910156,61.396244049072266,69.46078491210938,78.68800354003906
2025-03-17,513.45361328125,62.1982421875,69.5560073852539,78.65935516357422
2025-03-18,508.0374755859375,62.120941162109375,69.6321792602539,78.65935516357422
2025-03-19,513.3748168945312,62.28520202636719,69.84166717529297,78.77391052246094
2025-03-20,512.1931762695312,61.80207443237305,69.8702163696289,78.79302978515625
2025-03-21,512.3211669921875,61.50260543823242,69.8130874633789,78.84075164794922
2025-03-24,521.3118286132812,61.59952163696289,69.50840759277344,78.73572540283203
2025-03-25,522.5526123046875,61.803043365478516,69.5940933227539,78.7643814086914
2025-03-26,516.4570922851562,61.16339874267578,69.44175720214844,78.74528503417969
2025-03-27,515.0361328125,61.2990837097168,69.4131851196289,78.7834701538086
2025-03-28,504.7494201660156,60.581905364990234,69.8130874633789,78.92666625976562
2025-03-31,507.82257080078125,60.18455123901367,69.9368667602539,78.98395538330078
2025-04-01,509.69012451171875,60.359004974365234,70.15660095214844,79.01270294189453
2025-04-02,512.7633666992188,60.51406478881836,70.0992660522461,78.95523071289062
2025-04-03,488.3065185546875,59.30261993408203,70.46229553222656,79.25218963623047
2025-04-04,460.00579833984375,55.677982330322266,70.51959991455078,79.20430755615234
2025-04-07,458.0690002441406,54.166099548339844,69.66939544677734,79.2138671875
2025-04-08,451.3297424316406,53.82689666748047,69.26817321777344,79.16596984863281
2025-04-09,493.18798828125,57.66475296020508,69.43058013916016,79.11807250976562
2025-04-10,476.3498229980469,56.62775421142578,68.87651062011719,79.1084976196289
2025-04-11,484.7392578125,58.17839813232422,68.80007934570312,78.96481323242188
2025-04-14,489.61090087890625,58.81804656982422,69.19174194335938,79.13724517822266
2025-04-15,488.23736572265625,59.13786315917969,69.36370086669922,79.13724517822266
2025-04-16,477.5059814453125,58.827735900878906,69.55475616455078,79.24261474609375
2025-04-17,478.1679992675781,59.428611755371094,69.40190887451172,79.27134704589844
2025-04-21,466.77459716796875,59.21540069580078,69.01978302001953,79.22344970703125
2025-04-22,478.55340576171875,60.310546875,69.14398193359375,79.25218963623047
2025-04-23,486.24127197265625,60.581905364990234,69.28726959228516,79.1947021484375
2025-04-24,496.45880126953125,61.35723114013672,69.678955078125,79.29049682617188
2025-04-25,500.11492919921875,61.40569305419922,69.9082260131836,79.35755920410156
2025-04-28,500.4212646484375,61.764278411865234,70.08018493652344,79.4725341796875
2025-04-29,503.45489501953125,61.95811080932617,70.26168060302734,79.52042388916016
2025-04-30,503.7019348144531,61.89026641845703,70.21391296386719,79.62579345703125
2025-05-01,507.2691955566406,61.73520278930664,70.0184097290039,79.46146392822266
2025-05-02,514.5420532226562,63.02417755126953,69.67340087890625,79.3077163696289
2025-05-05,511.8541564941406,63.256771087646484,69.57755279541016,79.29811096191406
2025-05-06,507.4964599609375,63.150177001953125,69.73090362548828,79.36537170410156
2025-05-07,509.7890319824219,62.78188705444336,69.86507415771484,79.39420318603516
2025-05-08,513.1882934570312,62.61713409423828,69.49129486083984,79.2308349609375
2025-05-09,512.5064697265625,62.966026306152344,69.5488052368164,79.26927185058594
2025-05-12,529.5718383789062,63.58629608154297,69.3092041015625,79.12512969970703
2025-05-13,533.0501098632812,63.71227264404297,69.28045654296875,79.10591125488281
2025-05-14,533.7122192382812,63.663822174072266,69.0408706665039,79.04825592041016
2025-05-15,536.3308715820312,64.16779327392578,69.41463470458984,79.20201110839844
2025-05-16,539.7893676757812,64.24531555175781,69.46256256103516,79.18279266357422
2025-05-19,540.3427734375,64.68143463134766,69.4433822631836,79.21162414550781
2025-05-20,538.4257202148438,64.88494873046875,69.31880187988281,79.22122955322266
2025-05-21,529.4237060546875,64.58451080322266,68.88752746582031,79.17317962646484
2025-05-22,529.670654296875,64.4779052734375,69.0792007446289,79.22122955322266
2025-05-23,526.093505859375,64.69111633300781,69.18463134765625,79.26927185058594
2025-05-27,536.9039916992188,65.32107543945312,69.5104751586914,79.29811096191406
2025-05-28,533.8406982421875,64.75896453857422,69.35713195800781,79.2404556274414
2025-05-29,535.8960571289062,65.04003143310547,69.6063003540039,79.32693481445312
2025-05-30,535.3427124023438,64.8752670288086,69.74048614501953,79.42304992675781
2025-06-02,538.455322265625,65.54397583007812,69.58663177490234,79.35746002197266
2025-06-03,541.5087890625,65.22416687011719,69.50970458984375,79.33820343017578
2025-06-04,541.1629028320312,65.65058135986328,69.9424057006836,79.4828109741211
2025-06-05,538.6332397460938,65.7378158569336,69.80777740478516,79.39604949951172
2025-06-06,544.1372680664062,65.91226959228516,69.43279266357422,79.26105499267578
2025-06-09,544.72021484375,66.06732177734375,69.5385513305664,79.31890106201172
2025-06-10,547.8231201171875,66.30960845947266,69.67317199707031,79.31890106201172
2025-06-11,546.3111572265625,66.36776733398438,69.89433288574219,79.44424438476562
2025-06-12,548.37646484375,66.73604583740234,70.15394592285156,79.5117416381836
2025-06-13,542.2696533203125,65.84442138671875,69.90394592285156,79.45389556884766
2025-06-16,547.5068359375,66.28053283691406,69.76933288574219,79.44424438476562
2025-06-17,542.8427124023438,65.4664535522461,69.99046325683594,79.4828109741211
2025-06-18,542.7340698242188,65.54397583007812,70.02894592285156,79.52137756347656
2025-06-20,541.2320556640625,65.02174377441406,70.07701873779297,79.57923889160156
2025-06-23,546.8052978515625,65.51958465576172,70.2500991821289,79.68529510498047
2025-06-24,552.813232421875,66.51525115966797,70.46162414550781,79.75276947021484
2025-06-25,553.0899047851562,66.33955383300781,70.48087310791016,79.76241302490234
2025-06-26,557.4674682617188,66.99357604980469,70.68280029296875,79.85881805419922
2025-06-27,560.2342529296875,67.26690673828125,70.51932525634766,79.82989501953125
2025-06-30,563.034423828125,67.4426040649414,70.79815673828125,79.88774108886719
2025-07-01,562.7767333984375,67.46212768554688,70.74510955810547,79.80455780029297
2025-07-02,565.2745361328125,67.67688751220703,70.6679458618164,79.79488372802734
2025-07-03,570.1611938476562,67.83306884765625,70.49431610107422,79.70783996582031
2025-07-07,565.5916748046875,66.99357604980469,70.2628173828125,79.68848419189453
2025-07-08,565.215087890625,67.42308807373047,70.2242431640625,79.69815063476562
2025-07-09,568.5653686523438,67.72569274902344,70.50395965576172,79.76586151123047
2025-07-10,570.2305297851562,67.82331085205078,70.51361083984375,79.76586151123047
2025-07-11,568.1787719726562,67.35475158691406,70.2242431640625,79.74652099609375
2025-07-14,569.2988891601562,67.42308807373047,70.2145767211914,79.75618743896484
2025-07-15,566.8306884765625,67.09119415283203,70.00236511230469,79.67882537841797
2025-07-16,568.6942138671875,67.38404083251953,70.13741302490234,79.78522491455078
2025-07-17,572.1039428710938,67.62808227539062,70.15670776367188,79.75618743896484
2025-07-18,571.84619140625,67.46212768554688,70.27244567871094,79.82391357421875
2025-07-21,572.8672485351562,67.87211608886719,70.47502136230469,79.87226867675781
2025-07-22,572.8672485351562,68.15519714355469,70.59078979492188,79.9302978515625
2025-07-23,577.7340087890625,69.37539672851562,70.44609069824219,79.86259460449219
2025-07-24,578.1304931640625,68.90684509277344,70.35926818847656,79.79488372802734
2025-07-25,580.4301147460938,68.79946899414062,70.53290557861328,79.84325408935547
2025-07-28,580.2913818359375,67.9111557006836,70.41716003417969,79.83358001708984
2025-07-29,578.78466796875,67.87211608886719,70.78369903564453,79.90129089355469
2025-07-30,578.0809326171875,67.38404083251953,70.60042572021484,79.8142318725586
2025-07-31,575.9102172851562,66.83738708496094,70.61006164550781,79.8142318725586
2025-08-01,566.42431640625,66.61286926269531,71.22171783447266,80.21208190917969
2025-08-04,575.0379638671875,67.43284606933594,71.27013397216797,80.23150634765625
2025-08-05,572.2723999023438,67.60856628417969,71.29915618896484,80.202392578125
2025-08-06,576.5247802734375,68.0478286743164,71.24110412597656,80.23150634765625
2025-08-07,576.1777954101562,68.53590393066406,71.21206665039062,80.19268035888672
2025-08-08,580.5886840820312,68.76042175292969,71.05720520019531,80.17327880859375
2025-08-11,579.3992309570312,68.54566192626953,71.10560607910156,80.17327880859375
2025-08-12,585.5844116210938,69.30706024169922,71.11527252197266,80.23150634765625
2025-08-13,587.6262817382812,69.75609588623047,71.3765869140625,80.33824920654297
2025-08-14,587.6361694335938,69.44373321533203,71.1733627319336,80.25090026855469
2025-08-15,586.367431640625,69.75609588623047,71.07655334472656,80.22179412841797
2025-08-18,586.1593017578125,69.85371398925781,70.9991455078125,80.22179412841797
2025-08-19,582.9577026367188,69.66824340820312,71.13463592529297,80.2606201171875
2025-08-20,581.4213256835938,69.75609588623047,71.18301391601562,80.28972625732422
2025-08-21,579.1316528320312,69.49253845214844,71.0088119506836,80.22179412841797
2025-08-22,587.9929809570312,70.62487030029297,71.36690521240234,80.39646911621094
2025-08-25,585.5050659179688,69.94156646728516,71.27013397216797,80.35765838623047
2025-08-26,587.8442993164062,69.90251922607422,71.35723876953125,80.42559051513672
2025-08-27,589.1923828125,69.69752502441406,71.42498016357422,80.48380279541016
2025-08-28,591.27392578125,69.98062133789062,71.51207733154297,80.4546890258789
2025-08-29,587.8641357421875,69.66824340820312,71.42498016357422,80.52262115478516
2025-09-02,583.5325927734375,69.18016815185547,71.27253723144531,80.48172760009766
2025-09-03,586.5160522460938,69.32658386230469,71.50556945800781,80.54013061523438
2025-09-04,591.3433227539062,69.60967254638672,71.77745819091797,80.59855651855469
2025-09-05,589.7276611328125,70.06846618652344,72.1173095703125,80.7153549194336
2025-09-08,591.2540893554688,70.74201202392578,72.35035705566406,80.76402282714844
2025-09-09,592.6913452148438,70.65415954589844,72.21440887451172,80.69588470458984
2025-09-10,594.4060668945312,70.78106689453125,72.34063720703125,80.70561218261719
2025-09-11,599.2531127929688,71.58151245117188,72.49600219726562,80.73481750488281
2025-09-12,599.1242065429688,71.34722900390625,72.40862274169922,80.72508239746094
2025-09-15,602.24658203125,71.90364837646484,72.5445556640625,80.7542724609375
2025-09-16,601.4535522460938,71.96220397949219,72.55426025390625,80.79322814941406
2025-09-17,600.759765625,71.91339874267578,72.42803192138672,80.7542724609375
2025-09-18,603.5845947265625,71.97197723388672,72.24354553222656,80.72508239746094
2025-09-19,606.3997192382812,71.72673797607422,72.27265930175781,80.7542724609375
2025-09-22,609.3534545898438,72.04064178466797,72.13672637939453,80.7153549194336
2025-09-23,606.1618041992188,71.94254302978516,72.28238677978516,80.74455261230469
2025-09-24,604.1397094726562,71.52073669433594,72.13672637939453,80.70561218261719
2025-09-25,601.2553100585938,71.10873413085938,72.05904388427734,80.63748168945312
2025-09-26,604.7938842773438,71.3637924194336,72.05904388427734,80.6861343383789
2025-09-29,606.4937744140625,71.7463607788086,72.24354553222656,80.7153549194336
2025-09-30,608.7303466796875,72.06025695800781,72.21440887451172,80.7542724609375
2025-10-01,610.9072875976562,72.56053924560547,72.39656829833984,80.8480224609375
2025-10-02,611.583251953125,72.69786834716797,72.47450256347656,80.86756134033203
2025-10-03,611.6328735351562,73.23739624023438,72.38682556152344,80.83826446533203
2025-10-06,613.720458984375,73.39434051513672,72.22122192382812,80.8187255859375
2025-10-07,611.5335693359375,72.82539367675781,72.35759735107422,80.8577880859375
2025-10-08,615.082275390625,73.10987091064453,72.35759735107422,80.8480224609375
2025-10-09,613.4221801757812,72.47225189208984,72.30890655517578,80.83826446533203
2025-10-10,596.9310913085938,70.79483795166016,72.59139251708984,80.97496795654297
2025-10-13,605.9768676757812,71.87387084960938,72.70830535888672,81.13117980957031
2025-10-14,605.1219482421875,71.8836898803711,72.81543731689453,81.07260131835938
2025-10-15,607.7860107421875,72.51148986816406,72.76673126220703,81.03353881835938
2025-10-16,603.7700805664062,72.835205078125,73.03949737548828,81.14095306396484
2025-10-17,607.1199951171875,72.7861557006836,72.94207000732422,81.13117980957031
2025-10-20,613.4917602539062,73.50225067138672,73.03949737548828,81.14095306396484
2025-10-21,613.4122924804688,72.80577087402344,73.12716674804688,81.16048431396484
2025-10-22,610.3108520507812,72.86463165283203,73.12716674804688,81.16048431396484
2025-10-23,613.7601928710938,73.28643798828125,72.98104095458984,81.10189056396484
2025-10-24,618.8397216796875,73.52186584472656,73.07846069335938,81.15071105957031
2025-10-27,626.245361328125,74.08100128173828,73.1174087524414,81.13117980957031
2025-10-28,627.9252319335938,74.07119750976562,73.15637969970703,81.14095306396484
2025-10-29,628.1837158203125,73.8455810546875,72.79596710205078,80.98473358154297
2025-10-30,621.513671875,73.38453674316406,72.66932678222656,80.99449157714844
2025-10-31,623.3029174804688,73.20796203613281,72.64984893798828,81.02378845214844
2025-11-03,624.5256958007812,73.4139633178711,72.56578063964844,81.02671813964844
2025-11-04,617.2890014648438,72.44282531738281,72.60489654541016,81.05609893798828
2025-11-05,619.1478881835938,72.93329620361328,72.399658203125,80.99732971191406
2025-11-06,612.5673217773438,72.6488265991211,72.68307495117188,81.09529113769531
2025-11-07,613.2134399414062,72.7861557006836,72.64397430419922,81.13446044921875
2025-11-10,622.736328125,73.69843292236328,72.62443542480469,81.11487579345703
2025-11-11,624.167724609375,74.0908203125,72.82965850830078,81.18344116210938
2025-11-12,624.4758911132812,74.37528991699219,72.80034637451172,81.15406036376953
2025-11-13,614.306884765625,73.56110382080078,72.58534240722656,81.10509490966797
2025-11-14,614.1478881835938,73.50225067138672,72.47784423828125,81.13446044921875
2025-11-17,608.392333984375,72.58997344970703,72.51692962646484,81.12467193603516
2025-11-18,603.3823852539062,71.95235443115234,72.5755615234375,81.17365264892578
2025-11-19,605.5692749023438,71.76597595214844,72.54624938964844,81.16386413574219
2025-11-20,596.3843383789062,70.814453125,72.65374755859375,81.23241424560547
2025-11-21,602.3187255859375,71.53054809570312,72.82965850830078,81.33037567138672
2025-11-24,611.2750854492188,71.83464813232422,72.95671081542969,81.34017944335938
2025-11-25,616.9609375,72.5016860961914,73.12286376953125,81.38914489746094
2025-11-26,621.2254638671875,73.18833923339844,73.20105743408203,81.37934112548828
2025-11-28,624.664794921875,73.51205444335938,73.0837631225586,81.37934112548828
2025-12-01,621.7920532226562,73.22758483886719,72.7984619140625,81.3095932006836
2025-12-02,622.845703125,73.34529113769531,72.8670883178711,81.35871124267578
2025-12-03,625.0226440429688,73.63957977294922,72.97492980957031,81.40784454345703
2025-12-04,625.5494995117188,73.79653930664062,72.83768463134766,81.3488998413086
2025-12-05,626.7224731445312,73.94367218017578,72.74943542480469,81.31941986083984
2025-12-08,624.8635864257812,73.7867202758789,72.64158630371094,81.29975891113281
2025-12-09,624.3566284179688,73.68862915039062,72.59256744384766,81.26045989990234
2025-12-10,628.3923950195312,74.48319244384766,72.80826568603516,81.39801788330078
2025-12-11,629.9332275390625,74.67937469482422,72.80826568603516,81.40784454345703
2025-12-12,623.1339721679688,74.1692886352539,72.582763671875,81.41767120361328
2025-12-15,622.2294311523438,74.4243392944336,72.6709976196289,81.46678924560547
2025-12-16,620.4898681640625,74.02214813232422,72.80826568603516,81.50609588623047
2025-12-17,613.6707153320312,73.53167724609375,72.78865051269531,81.51591491699219
2025-12-18,618.3029174804688,74.13005065917969,72.94310760498047,81.57486724853516
2025-12-19,623.81982421875,74.59256744384766,72.83489227294922,81.56007385253906
2025-12-22,627.7484130859375,75.01213073730469,72.81521606445312,81.52066040039062
2025-12-23,630.67919921875,75.47166442871094,72.80538177490234,81.48123931884766
2025-12-24,632.7825927734375,75.53160095214844,72.98245239257812,81.530517578125
2025-12-26,632.8424072265625,75.77134704589844,72.98245239257812,81.58965301513672
2025-12-29,630.6094360351562,75.53160095214844,73.09066009521484,81.62907409667969
2025-12-30,629.732177734375,75.68144226074219,73.06114959716797,81.64877319335938
2025-12-31,625.1566772460938,75.36177825927734,72.86439514160156,81.61920928955078
2026-01-02,626.3229370117188,76.46063232421875,72.83489227294922,81.65862274169922
2026-01-05,630.4699096679688,77.26979064941406,72.97261810302734,81.68820190429688
2026-01-06,634.2080688476562,77.53951263427734,72.97261810302734,81.69805145263672
2026-01-07,632.1744995117188,77.14991760253906,73.05131530761719,81.68820190429688
2026-01-08,632.0648193359375,77.19986724853516,72.92343139648438,81.65862274169922
2026-01-09,636.3014526367188,77.74929809570312,73.0808334350586,81.62907409667969
2026-01-12,637.3282470703125,78.46855163574219,73.011962890625,81.62907409667969
2026-01-13,636.0223999023438,78.04898071289062,73.07098388671875,81.64877319335938
2026-01-14,632.9420776367188,78.38863372802734,73.21853637695312,81.66848754882812
2026-01-15,634.6167602539062,78.51849365234375,73.1103286743164,81.6093521118164
2026-01-16,634.0885009765625,78.55845642089844,72.9922866821289,81.58965301513672
2026-01-20,621.189208984375,77.64939880371094,72.7266845703125,81.59950256347656
2026-01-21,628.3067016601562,78.51849365234375,72.93325805664062,81.638916015625
2026-01-22,631.5763549804688,78.99800109863281,72.96277618408203,81.6093521118164
2026-01-23,631.8355712890625,79.4475326538086,73.04147338867188,81.638916015625
2026-01-26,635.0853271484375,79.77719116210938,73.1300048828125,81.66848754882812
2026-01-27,637.6870727539062,81.01589965820312,73.07098388671875,81.68820190429688
2026-01-28,637.58740234375,80.6562728881836,73.04147338867188,81.68820190429688
2026-01-29,636.2615966796875,80.86605834960938,73.05131530761719,81.7177505493164
2026-01-30,634.218017578125,79.57740020751953,73.02180480957031,81.7867431640625
2026-02-02,637.6671142578125,80.02693176269531,72.94778442382812,81.74720001220703
2026-02-03,632.1546020507812,80.22672271728516,72.96751403808594,81.7373275756836
2026-02-04,628.9247436523438,80.16678619384766,72.93790435791016,81.77686309814453
2026-02-05,621.1392822265625,79.20777893066406,73.25374603271484,81.90536499023438
2026-02-06,633.2410888671875,80.96595764160156,73.26360321044922,81.90536499023438
2026-02-09,636.2216796875,82.0648193359375,73.2833480834961,81.92512512207031
2026-02-10,634.4373779296875,82.26460266113281,73.50048828125,81.97455596923828
2026-02-11,634.3475952148438,82.90393829345703,73.3524398803711,81.89547729492188
2026-02-12,624.5186767578125,82.04483032226562,73.68801879882812,81.97455596923828
2026-02-13,624.9174194335938,82.31455993652344,73.90514373779297,82.10305786132812
2026-02-17,626.013916015625,82.14473724365234,73.89527893066406,82.07340240478516
2026-02-18,629.1640014648438,82.42444610595703,73.81632232666016,82.02398681640625
2026-02-19,627.5491333007812,82.29457092285156,73.84593200683594,82.02398681640625
2026-02-20,632.0249633789062,83.28355407714844,73.8360595703125,82.03385925292969
2026-02-23,625.6550903320312,82.84400939941406,73.99397277832031,82.10305786132812
2026-02-24,630.220703125,83.33349609375,73.95449829101562,82.10305786132812
2026-02-25,635.52392578125,84.11268615722656,73.93476104736328,82.08329010009766
2026-02-26,631.9552001953125,83.87294006347656,74.04332733154297,82.1129379272461
2026-02-27,629.0543212890625,83.72309112548828,74.19136810302734,82.2216796875
2026-03-02,629.2936401367188,82.31455993652344,73.89239501953125,82.07598114013672
2026-03-03,623.7510375976562,79.47750091552734,73.81320190429688,82.06607055664062
2026-03-04,628.197021484375,80.2566909790039,73.76370239257812,82.01651763916016
2026-03-05,624.837646484375,78.63837432861328,73.59539031982422,81.95704650878906
2026-03-06,616.4840087890625,77.89913940429688,73.49639892578125,81.99669647216797
2026-03-09,621.8370971679688,78.86813354492188,73.70429229736328,82.03633117675781
2026-03-10,620.760498046875,79.03795623779297,73.47660827636719,81.98677825927734
2026-03-11,620.0726928710938,78.95803833007812,73.14990997314453,81.90748596191406
2026-03-12,610.5726928710938,77.3896713256836,72.88261413574219,81.76873016357422
2026-03-13,607.1734619140625,76.6604232788086,72.81331634521484,81.81828308105469
2026-03-16,613.2542114257812,78.18883514404297,73.09050750732422,81.91739654541016
2026-03-17,614.9488525390625,78.52848815917969,73.239013671875,81.92731475830078
2026-03-18,606.4656372070312,77.1698989868164,72.94200897216797,81.77864837646484
2026-03-19,604.8407592773438,77.06999969482422,73.0212173461914,81.7588119506836
2026-03-20,596.0584716796875,74.70999908447266,72.4371109008789,81.58040618896484
2026-03-23,602.528076171875,76.58000183105469,72.71430969238281,81.6993408203125
2026-03-24,600.4844970703125,75.94999694824219,72.5262222290039,81.58040618896484
2026-03-25,603.754150390625,77.08000183105469,72.80340576171875,81.66961669921875
2026-03-26,593.0479736328125,75.19999694824219,72.37772369384766,81.4912109375
2026-03-27,582.9600219726562,74.69000244140625,72.37772369384766,81.65970611572266
2026-03-30,580.9299926757812,74.62999725341797,72.7440185546875,81.76873016357422
2026-03-31,597.5499877929688,77.11000061035156,72.90241241455078,81.83810424804688
2026-04-01,602.2999877929688,78.01000213623047,72.93221282958984,81.83512878417969
2026-04-02,602.989990234375,77.4800033569336,73.09114837646484,81.87488555908203
2026-04-06,605.6699829101562,77.97000122070312,72.98188781738281,81.79535675048828
2026-04-07,606.0399780273438,78.0199966430664,73.09114837646484,81.8550033569336
2026-04-08,621.3400268554688,81.2300033569336,73.230224609375,81.93453216552734
2026-04-09,625.02001953125,81.06999969482422,73.26002502441406,81.95442199707031
2026-04-10,624.5999755859375,81.2699966430664,73.15074920654297,81.92459869384766
2026-04-13,630.719970703125,81.88999938964844,73.3096923828125,81.98423767089844
2026-04-14,638.3499755859375,82.80999755859375,73.4885025024414,82.04388427734375
2026-04-15,643.4500122070312,82.6500015258789,73.38915252685547,82.02400970458984
2026-04-16,644.8599853515625,82.62999725341797,73.2798843383789,81.99418640136719
2026-04-17,652.780029296875,83.75,73.56795501708984,82.15324401855469
2026-04-20,651.5399780273438,83.4800033569336,73.51829528808594,82.11347198486328
2026-04-21,647.25,81.87999725341797,73.2898178100586,81.99418640136719
2026-04-22,653.9000244140625,82.58999633789062,73.3692855834961,82.03394317626953
2026-04-23,651.260009765625,81.72000122070312,73.24015045166016,81.99418640136719
2026-04-24,656.4199829101562,82.48999786376953,73.3692855834961,82.08365631103516
2026-04-27,657.5,82.33999633789062,73.25008392333984,82.06377410888672
2026-04-28,654.260009765625,81.88999938964844,73.230224609375,82.01406860351562
2026-04-29,654.239990234375,81.2300033569336,72.90241241455078,81.90470886230469
2026-04-30,660.5800170898438,83.05999755859375,73.01168060302734,81.99418640136719
2026-05-01,662.52001953125,82.97000122070312,73.11333465576172,82.00714874267578
2026-05-04,660.1199951171875,82.25,72.86418151855469,81.90744018554688
2026-05-05,665.2999877929688,83.41000366210938,72.99373626708984,81.94732666015625
2026-05-06,674.6599731445312,85.62000274658203,73.30270385742188,82.05699920654297
2026-05-07,672.5399780273438,84.25,73.11333465576172,81.9872055053711
2026-05-08,678.0399780273438,85.43000030517578,73.30270385742188,82.05699920654297
2026-05-11,679.52001953125,85.38999938964844,73.12330627441406,81.97723388671875
2026-05-12,678.6699829101562,84.2300033569336,72.90404510498047,81.91741180419922
2026-05-13,682.4099731445312,85.08000183105469,72.93394470214844,81.94732666015625
2026-05-14,687.72998046875,85.0199966430664,72.91401672363281,81.91741180419922
2026-05-15,679.4400024414062,83.11000061035156,72.49542236328125,81.81770324707031
2026-05-18,678.9099731445312,83.52999877929688,72.44559478759766,81.85758972167969
2026-05-19,674.5900268554688,82.80000305175781,72.20639038085938,81.79776763916016
2026-05-20,681.5700073242188,84.16999816894531,72.60504913330078,81.90744018554688
2026-05-21,682.8400268554688,84.58000183105469,72.68478393554688,81.89746856689453
2026-05-22,685.5499877929688,84.45999908447266,72.75454711914062,81.87753295898438
2026-05-26,690.010009765625,86.11000061035156,72.9638442993164,81.9672622680664
2026-05-27,689.9600219726562,85.8499984741211,73.03360748291016,81.97723388671875
2026-05-28,693.9099731445312,85.98999786376953,73.17313385009766,82.01712036132812
2026-05-29,695.489990234375,86.05999755859375,73.21299743652344,82.05699920654297
2026-06-01,697.2999877929688,86.30999755859375,73.18000030517578,82.01000213623047
2026-06-02,698.260009765625,86.95999908447266,73.19999694824219,82.01000213623047
2026-06-03,693.3599853515625,86.0999984741211,73.05999755859375,81.97000122070312
2026-06-04,696.0599975585938,86.25,73.16000366210938,82.02999877929688
2026-06-05,678.0,83.02999877929688,72.83000183105469,81.86000061035156
2026-06-08,679.6799926757812,83.73999786376953,72.80999755859375,81.9000015258789
2026-06-09,677.7000122070312,83.81999969482422,72.97000122070312,81.94000244140625
2026-06-10,667.0499877929688,82.58999633789062,72.91000366210938,81.94000244140625
2026-06-11,678.22998046875,85.33999633789062,73.33000183105469,82.08999633789062
2026-06-12,681.9500122070312,85.68000030517578,73.23999786376953,82.06999969482422
2026-06-15,693.8300170898438,86.9800033569336,73.30000305175781,82.11000061035156
